﻿<?xml version="1.0" encoding="utf-8"?>
<deployment>
  <id>51fc9eea-9051-43df-b5ed-c6abc94d1f9d</id>
  <author>ms-azuretools-vscode</author>
  <deployer>ms-azuretools-vscode</deployer>
  <authorEmail>N/A</authorEmail>
  <message>Created via a push deployment</message>
  <progress></progress>
  <status>Success</status>
  <statusText></statusText>
  <lastSuccessEndTime>2025-11-11T00:25:09.8042667Z</lastSuccessEndTime>
  <receivedTime>2025-11-11T00:23:40.7500603Z</receivedTime>
  <startTime>2025-11-11T00:23:42.4938973Z</startTime>
  <endTime>2025-11-11T00:25:09.8042667Z</endTime>
  <complete>True</complete>
  <is_temp>False</is_temp>
  <is_readonly>True</is_readonly>
  <buildSummary />
</deployment>