﻿<?xml version="1.0" encoding="utf-8"?>
<deployment>
  <id>f4c97758-f626-4757-a5a8-354c2e584cef</id>
  <author>ms-azuretools-vscode</author>
  <deployer>ms-azuretools-vscode</deployer>
  <authorEmail>N/A</authorEmail>
  <message>Created via a push deployment</message>
  <progress></progress>
  <status>Success</status>
  <statusText></statusText>
  <lastSuccessEndTime>2025-11-10T23:29:17.6228171Z</lastSuccessEndTime>
  <receivedTime>2025-11-10T23:28:02.9859436Z</receivedTime>
  <startTime>2025-11-10T23:28:04.6485137Z</startTime>
  <endTime>2025-11-10T23:29:17.6228171Z</endTime>
  <complete>True</complete>
  <is_temp>False</is_temp>
  <is_readonly>True</is_readonly>
  <buildSummary />
</deployment>