﻿<?xml version="1.0" encoding="utf-8"?>
<deployment>
  <id>08a8c83e-a188-4639-bc0f-ba38a74d26de</id>
  <author>ms-azuretools-vscode</author>
  <deployer>ms-azuretools-vscode</deployer>
  <authorEmail>N/A</authorEmail>
  <message>Created via a push deployment</message>
  <progress></progress>
  <status>Success</status>
  <statusText></statusText>
  <lastSuccessEndTime>2025-11-11T00:07:09.6987893Z</lastSuccessEndTime>
  <receivedTime>2025-11-11T00:05:15.4148009Z</receivedTime>
  <startTime>2025-11-11T00:05:16.8147769Z</startTime>
  <endTime>2025-11-11T00:07:09.6987893Z</endTime>
  <complete>True</complete>
  <is_temp>False</is_temp>
  <is_readonly>True</is_readonly>
  <buildSummary />
</deployment>