﻿<?xml version="1.0" encoding="utf-8"?>
<deployment>
  <id>0266a7f4-22eb-465b-8c7d-bf30c0684270</id>
  <author>ms-azuretools-vscode</author>
  <deployer>ms-azuretools-vscode</deployer>
  <authorEmail>N/A</authorEmail>
  <message>Created via a push deployment</message>
  <progress></progress>
  <status>Success</status>
  <statusText></statusText>
  <lastSuccessEndTime>2025-11-11T00:42:05.3791269Z</lastSuccessEndTime>
  <receivedTime>2025-11-11T00:40:38.3499475Z</receivedTime>
  <startTime>2025-11-11T00:40:39.705351Z</startTime>
  <endTime>2025-11-11T00:42:05.3791269Z</endTime>
  <complete>True</complete>
  <is_temp>False</is_temp>
  <is_readonly>True</is_readonly>
  <buildSummary />
</deployment>