﻿<?xml version="1.0" encoding="utf-8"?>
<deployment>
  <id>171414ef-34d2-4800-a1b2-93afd4ebff0e</id>
  <author>ms-azuretools-vscode</author>
  <deployer>ms-azuretools-vscode</deployer>
  <authorEmail>N/A</authorEmail>
  <message>Created via a push deployment</message>
  <progress></progress>
  <status>Success</status>
  <statusText></statusText>
  <lastSuccessEndTime>2025-11-10T14:36:03.1624607Z</lastSuccessEndTime>
  <receivedTime>2025-11-10T14:33:32.7981923Z</receivedTime>
  <startTime>2025-11-10T14:33:35.7568594Z</startTime>
  <endTime>2025-11-10T14:36:03.1624607Z</endTime>
  <complete>True</complete>
  <is_temp>False</is_temp>
  <is_readonly>True</is_readonly>
  <buildSummary />
</deployment>