﻿<?xml version="1.0" encoding="utf-8"?>
<deployment>
  <id>23d383e4-dd19-4c01-9275-c04cf265d1bf</id>
  <author>ms-azuretools-vscode</author>
  <deployer>ms-azuretools-vscode</deployer>
  <authorEmail>N/A</authorEmail>
  <message>Created via a push deployment</message>
  <progress></progress>
  <status>Success</status>
  <statusText></statusText>
  <lastSuccessEndTime>2025-11-10T23:09:45.6152861Z</lastSuccessEndTime>
  <receivedTime>2025-11-10T23:07:47.4815446Z</receivedTime>
  <startTime>2025-11-10T23:07:48.9295159Z</startTime>
  <endTime>2025-11-10T23:09:45.6152861Z</endTime>
  <complete>True</complete>
  <is_temp>False</is_temp>
  <is_readonly>True</is_readonly>
  <buildSummary />
</deployment>