﻿<?xml version="1.0" encoding="utf-8"?>
<deployment>
  <id>72599838-719f-4f3f-a952-f76b8666d833</id>
  <author>ms-azuretools-vscode</author>
  <deployer>ms-azuretools-vscode</deployer>
  <authorEmail>N/A</authorEmail>
  <message>Created via a push deployment</message>
  <progress></progress>
  <status>Success</status>
  <statusText></statusText>
  <lastSuccessEndTime>2025-11-10T23:44:04.00573Z</lastSuccessEndTime>
  <receivedTime>2025-11-10T23:42:53.5185024Z</receivedTime>
  <startTime>2025-11-10T23:42:55.112567Z</startTime>
  <endTime>2025-11-10T23:44:04.00573Z</endTime>
  <complete>True</complete>
  <is_temp>False</is_temp>
  <is_readonly>True</is_readonly>
  <buildSummary />
</deployment>