﻿<?xml version="1.0" encoding="utf-8"?>
<deployment>
  <id>21dfea72-774c-4236-936a-0684463fdb22</id>
  <author>ms-azuretools-vscode</author>
  <deployer>ms-azuretools-vscode</deployer>
  <authorEmail>N/A</authorEmail>
  <message>Created via a push deployment</message>
  <progress></progress>
  <status>Success</status>
  <statusText></statusText>
  <lastSuccessEndTime>2025-11-10T13:32:04.3092806Z</lastSuccessEndTime>
  <receivedTime>2025-11-10T13:28:49.4512683Z</receivedTime>
  <startTime>2025-11-10T13:28:50.8733107Z</startTime>
  <endTime>2025-11-10T13:32:04.3092806Z</endTime>
  <complete>True</complete>
  <is_temp>False</is_temp>
  <is_readonly>True</is_readonly>
  <buildSummary />
</deployment>