<step title="Incoming Request" date="2025-11-11T00:48:01.236" instance="fbf34d" url="/api/zipdeploy?author=ms-azuretools-vscode&amp;deployer=ms-azuretools-vscode&amp;isAsync=true&amp;trackDeploymentId=true" method="POST" type="request" pid="768,1,30" Host="pictback-bzakbsfgc6bgcjcc.scm.brazilsouth-01.azurewebsites.net" User-Agent="vscode-azureappservice/0.26.4 core-rest-pipeline/1.20.0 Node/22.19.0 OS/(x64-Windows_NT-10.0.26200)" Accept-Encoding="gzip,deflate" Accept-Language="en" Authorization="Bea..." Transfer-Encoding="chunked" x-ms-correlation-request-id="9574692b-b031-47b3-be4f-4f3f0cf03198" x-ms-client-request-id="cf2e5e4c-0243-4cf5-a522-1ad1935732da" X-ARR-LOG-ID="cf2e5e4c-0243-4cf5-a522-1ad1935732da" CLIENT-IP="191.183.114.9:21513" X-SITE-DEPLOYMENT-ID="Pictback" WAS-DEFAULT-HOSTNAME="pictback-bzakbsfgc6bgcjcc.scm.brazilsouth-01.azurewebsites.net" X-Forwarded-Proto="https" X-AppService-Proto="https" X-Forwarded-TlsVersion="1.3" X-WAWS-Unencoded-URL="/api/zipdeploy?author=ms-azuretools-vscode&amp;deployer=ms-azuretools-vscode&amp;isAsync=true&amp;trackDeploymentId=true" X-Client-IP="191.183.114.9" X-Client-Port="21513" >
  <step title="Cleanup Xml Logs" date="2025-11-11T00:48:01.241" >
    <step title="Cleanup Infos" date="2025-11-11T00:48:01.263" totalFiles="247" totalCleanup="87" /><!-- duration: 41ms -->
  </step><!-- duration: 85ms -->
  <step title="ZipPushDeploy" date="2025-11-11T00:48:01.375" >
    <step title="ZipDeploy. Extract zip." date="2025-11-11T00:48:01.390" /><!-- duration: 4ms -->
    <step title="Starting PushDeployAsync" date="2025-11-11T00:48:01.404" /><!-- duration: 5ms -->
    <step title="Writing artifact to /tmp/zipdeploy/cb3091dc-f8ea-48cd-a4d5-e02d357761d8.zip" date="2025-11-11T00:48:01.430" >
      <step title="Writing multipart request body to /tmp/zipdeploy/cb3091dc-f8ea-48cd-a4d5-e02d357761d8.zip" date="2025-11-11T00:48:01.435" /><!-- duration: 6ms -->
    </step><!-- duration: 2673ms -->
    <step title="Removing previous build artifact&apos;s manifest file" date="2025-11-11T00:48:04.117" >
      <step title="Start deployment in the background" date="2025-11-11T00:48:04.148" >
        <step title="Acquiring Deployment Lock" date="2025-11-11T00:48:04.168" /><!-- duration: 5ms -->
        <step title="Acquired Deployment Lock" date="2025-11-11T00:48:04.210" /><!-- duration: 9ms -->
      </step><!-- duration: 153ms -->
    </step><!-- duration: 214ms -->
    <step title="Outgoing response" date="2025-11-11T00:48:04.340" type="response" statusCode="202" statusText="Accepted" /><!-- duration: 4ms -->
  </step><!-- duration: 2974ms -->
