<step title="Incoming Request" date="2025-11-11T00:48:19.891" instance="fbf34d" url="/api/deployments/latest" method="GET" type="request" pid="768,1,29" Host="pictback-bzakbsfgc6bgcjcc.scm.brazilsouth-01.azurewebsites.net" User-Agent="vscode-azureappservice/0.26.4 core-rest-pipeline/1.20.0 Node/22.19.0 OS/(x64-Windows_NT-10.0.26200)" Accept-Encoding="gzip,deflate" Accept-Language="en" Authorization="Bea..." x-ms-correlation-request-id="efe2717f-a03a-44c1-a778-6032f5de878b" x-ms-client-request-id="e188fdeb-f1c9-4fd3-8acc-98d20ce77c18" X-ARR-LOG-ID="e188fdeb-f1c9-4fd3-8acc-98d20ce77c18" CLIENT-IP="191.183.114.9:64242" X-SITE-DEPLOYMENT-ID="Pictback" WAS-DEFAULT-HOSTNAME="pictback-bzakbsfgc6bgcjcc.scm.brazilsouth-01.azurewebsites.net" X-Forwarded-Proto="https" X-AppService-Proto="https" X-Forwarded-TlsVersion="1.3" X-WAWS-Unencoded-URL="/api/deployments/latest" X-Client-IP="191.183.114.9" X-Client-Port="64242" >
  <step title="Cleanup Xml Logs" date="2025-11-11T00:48:19.895" >
    <step title="Cleanup Infos" date="2025-11-11T00:48:19.914" totalFiles="265" totalCleanup="105" /><!-- duration: 12ms -->
  </step><!-- duration: 35ms -->
  <step title="DeploymentService.GetResult" date="2025-11-11T00:48:20.145" >
    <step title="DeploymentService.GetLatestDeployment" date="2025-11-11T00:48:20.152" >
      <step title="DeploymentManager.GetResults" date="2025-11-11T00:48:20.162" /><!-- duration: 686ms -->
    </step><!-- duration: 1683ms -->
  </step><!-- duration: 1708ms -->
  <step title="Outgoing response" date="2025-11-11T00:48:21.866" type="response" statusCode="202" statusText="Accepted" /><!-- duration: 12ms -->
</step><!-- duration: 1993ms -->
