<step title="BackgroundTrace" date="2025-11-10T23:12:34.981" instance="fbf34d" url="/api/zipdeploy" method="POST" >
  <step title="Cleanup Xml Logs" date="2025-11-10T23:12:35.043" /><!-- duration: 165ms -->
  <step title="Creating temporary deployment - FetchDeploymentManager" date="2025-11-10T23:12:35.794" /><!-- duration: 21ms -->
  <step title="Creating temporary deployment" date="2025-11-10T23:12:35.831" /><!-- duration: 492ms -->
  <step title="Performing fetch based deployment" date="2025-11-10T23:12:36.722" >
    <step title="Cleaning up temp folders from previous zip deployments and extracting pushed zip file /tmp/zipdeploy/999c3f4b-d9e9-4387-92f5-9f60593493c9.zip (29.15 MB) to /tmp/zipdeploy/extracted" date="2025-11-10T23:12:39.713" >
      <step title="ChmodRecursive Process exited with total time taken in ms: 362" date="2025-11-10T23:12:52.308" /><!-- duration: 27ms -->
    </step><!-- duration: 12644ms -->
    <step title="Deployment timer started" date="2025-11-10T23:12:54.422" >
      <step title="DeploymentManager.Deploy(id:49674d42-7d94-4a23-aedd-90e112d37de3)" date="2025-11-10T23:12:54.436" >
        <step title="Collecting changeset information" date="2025-11-10T23:12:54.502" /><!-- duration: 706ms -->
        <step title="Updating submodules" date="2025-11-10T23:12:55.234" /><!-- duration: 1177ms -->
        <step title="Determining deployment builder" date="2025-11-10T23:12:56.700" >
          <step title="Builder is OryxBuilder" date="2025-11-10T23:12:56.729" /><!-- duration: 9ms -->
        </step><!-- duration: 49ms -->
        <step title="PreDeployment: context.CleanOutputPath False" date="2025-11-10T23:12:56.868" >
          <step title="PreDeployment: context.OutputPath /home/site/wwwroot" date="2025-11-10T23:12:57.015" >
            <step title="Building" date="2025-11-10T23:12:57.174" >
              <step title="Executing external process" date="2025-11-10T23:12:57.540" type="process" path="bash" arguments="-c &quot;oryx build /tmp/zipdeploy/extracted -o /home/site/wwwroot --platform python --platform-version 3.11 -p virtualenv_name=antenv --log-file /tmp/build-debug.log  -i /tmp/8de20aeaf1f18e5 --compress-destination-dir | tee /tmp/oryx-build.log ; exit $PIPESTATUS &quot;" /><!-- duration: 58259ms -->
              <step title="Using PythonDeploymentLogParser" date="2025-11-10T23:13:56.279" /><!-- duration: 5ms -->
              <step title="Triggering recycle (preview mode disabled)." date="2025-11-10T23:13:57.718" /><!-- duration: 11ms -->
              <step title="Modified file to trigger a restart of the app container." date="2025-11-10T23:13:57.765" /><!-- duration: 5ms -->
              <step title="Skip function trigger and logicapp sync because function is not enabled." date="2025-11-10T23:13:57.777" /><!-- duration: 5ms -->
            </step><!-- duration: 61634ms -->
          </step><!-- duration: 61810ms -->
          <step title="Cleaning up temp files" date="2025-11-10T23:13:58.833" /><!-- duration: 2526ms -->
          <step title="Cleaning up temp files" date="2025-11-10T23:14:01.367" /><!-- duration: 517ms -->
          <step title="Reloading status file with latest updates" date="2025-11-10T23:14:01.916" >
            <step title="WebHooksManager.PublishEventAsync: PostDeployment" date="2025-11-10T23:14:01.920" /><!-- duration: 41ms -->
          </step><!-- duration: 49ms -->
          <step title="Cleaning up temporary deployment - fetch deployment was successful" date="2025-11-10T23:14:01.972" /><!-- duration: 5ms -->
        </step><!-- duration: 65165ms -->
      </step><!-- duration: 67619ms -->
