<step title="BackgroundTrace" date="2025-11-10T23:07:28.107" instance="fbf34d" url="/api/zipdeploy" method="POST" >
  <step title="Cleanup Xml Logs" date="2025-11-10T23:07:28.167" /><!-- duration: 158ms -->
  <step title="Creating temporary deployment - FetchDeploymentManager" date="2025-11-10T23:07:30.360" /><!-- duration: 195ms -->
  <step title="Creating temporary deployment" date="2025-11-10T23:07:30.852" /><!-- duration: 707ms -->
  <step title="Performing fetch based deployment" date="2025-11-10T23:07:32.269" >
    <step title="Cleaning up temp folders from previous zip deployments and extracting pushed zip file /tmp/zipdeploy/665eaad5-0fcc-4fb1-b0bc-82e3debc09c2.zip (29.15 MB) to /tmp/zipdeploy/extracted" date="2025-11-10T23:07:35.075" >
      <step title="ChmodRecursive Process exited with total time taken in ms: 249" date="2025-11-10T23:07:45.288" /><!-- duration: 6ms -->
    </step><!-- duration: 10227ms -->
    <step title="Deployment timer started" date="2025-11-10T23:07:47.323" >
      <step title="DeploymentManager.Deploy(id:23d383e4-dd19-4c01-9275-c04cf265d1bf)" date="2025-11-10T23:07:47.335" >
        <step title="Collecting changeset information" date="2025-11-10T23:07:47.388" /><!-- duration: 163ms -->
        <step title="Updating submodules" date="2025-11-10T23:07:47.563" /><!-- duration: 1151ms -->
        <step title="Determining deployment builder" date="2025-11-10T23:07:49.086" >
          <step title="Builder is OryxBuilder" date="2025-11-10T23:07:49.126" /><!-- duration: 5ms -->
        </step><!-- duration: 49ms -->
        <step title="PreDeployment: context.CleanOutputPath False" date="2025-11-10T23:07:49.203" >
          <step title="PreDeployment: context.OutputPath /home/site/wwwroot" date="2025-11-10T23:07:49.353" >
            <step title="Building" date="2025-11-10T23:07:49.572" >
              <step title="Executing external process" date="2025-11-10T23:07:50.678" type="process" path="bash" arguments="-c &quot;oryx build /tmp/zipdeploy/extracted -o /home/site/wwwroot --platform python --platform-version 3.11 -p virtualenv_name=antenv --log-file /tmp/build-debug.log  -i /tmp/8de20adf7c37a9f --compress-destination-dir | tee /tmp/oryx-build.log ; exit $PIPESTATUS &quot;" /><!-- duration: 111963ms -->
              <step title="Using PythonDeploymentLogParser" date="2025-11-10T23:09:43.682" /><!-- duration: 9ms -->
              <step title="Triggering recycle (preview mode disabled)." date="2025-11-10T23:09:45.093" /><!-- duration: 11ms -->
              <step title="Modified file to trigger a restart of the app container." date="2025-11-10T23:09:45.138" /><!-- duration: 5ms -->
              <step title="Skip function trigger and logicapp sync because function is not enabled." date="2025-11-10T23:09:45.211" /><!-- duration: 5ms -->
            </step><!-- duration: 116536ms -->
          </step><!-- duration: 116767ms -->
          <step title="Cleaning up temp files" date="2025-11-10T23:09:46.124" /><!-- duration: 2327ms -->
          <step title="Cleaning up temp files" date="2025-11-10T23:09:48.468" /><!-- duration: 570ms -->
          <step title="Reloading status file with latest updates" date="2025-11-10T23:09:49.086" >
            <step title="WebHooksManager.PublishEventAsync: PostDeployment" date="2025-11-10T23:09:49.094" /><!-- duration: 187ms -->
          </step><!-- duration: 199ms -->
          <step title="Cleaning up temporary deployment - fetch deployment was successful" date="2025-11-10T23:09:49.297" /><!-- duration: 5ms -->
        </step><!-- duration: 120158ms -->
      </step><!-- duration: 122116ms -->
