<step title="BackgroundTrace" date="2025-11-10T23:42:26.019" instance="fbf34d" url="/api/zipdeploy" method="POST" >
  <step title="Cleanup Xml Logs" date="2025-11-10T23:42:26.074" /><!-- duration: 148ms -->
  <step title="Creating temporary deployment - FetchDeploymentManager" date="2025-11-10T23:42:27.419" /><!-- duration: 29ms -->
  <step title="Creating temporary deployment" date="2025-11-10T23:42:27.548" /><!-- duration: 882ms -->
  <step title="Performing fetch based deployment" date="2025-11-10T23:42:29.611" >
    <step title="Cleaning up temp folders from previous zip deployments and extracting pushed zip file /tmp/zipdeploy/2f2ed0d5-050b-4943-8b89-b30f2e225086.zip (29.15 MB) to /tmp/zipdeploy/extracted" date="2025-11-10T23:42:32.534" >
      <step title="ChmodRecursive Process exited with total time taken in ms: 417" date="2025-11-10T23:42:50.757" /><!-- duration: 8ms -->
    </step><!-- duration: 18245ms -->
    <step title="Deployment timer started" date="2025-11-10T23:42:53.176" >
      <step title="DeploymentManager.Deploy(id:72599838-719f-4f3f-a952-f76b8666d833)" date="2025-11-10T23:42:53.195" >
        <step title="Collecting changeset information" date="2025-11-10T23:42:53.216" /><!-- duration: 390ms -->
        <step title="Updating submodules" date="2025-11-10T23:42:53.624" /><!-- duration: 1224ms -->
        <step title="Determining deployment builder" date="2025-11-10T23:42:55.229" >
          <step title="Builder is OryxBuilder" date="2025-11-10T23:42:55.252" /><!-- duration: 7ms -->
        </step><!-- duration: 37ms -->
        <step title="PreDeployment: context.CleanOutputPath False" date="2025-11-10T23:42:55.342" >
          <step title="PreDeployment: context.OutputPath /home/site/wwwroot" date="2025-11-10T23:42:55.523" >
            <step title="Building" date="2025-11-10T23:42:55.716" >
              <step title="Executing external process" date="2025-11-10T23:42:56.100" type="process" path="bash" arguments="-c &quot;oryx build /tmp/zipdeploy/extracted -o /home/site/wwwroot --platform python --platform-version 3.11 -p virtualenv_name=antenv --log-file /tmp/build-debug.log  -i /tmp/8de20b2df1dbf06 --compress-destination-dir | tee /tmp/oryx-build.log ; exit $PIPESTATUS &quot;" /><!-- duration: 64963ms -->
              <step title="Using PythonDeploymentLogParser" date="2025-11-10T23:44:01.549" /><!-- duration: 5ms -->
              <step title="Triggering recycle (preview mode disabled)." date="2025-11-10T23:44:03.303" /><!-- duration: 6ms -->
              <step title="Modified file to trigger a restart of the app container." date="2025-11-10T23:44:03.351" /><!-- duration: 4ms -->
              <step title="Skip function trigger and logicapp sync because function is not enabled." date="2025-11-10T23:44:03.527" /><!-- duration: 5ms -->
            </step><!-- duration: 68959ms -->
          </step><!-- duration: 69162ms -->
          <step title="Cleaning up temp files" date="2025-11-10T23:44:04.693" /><!-- duration: 3313ms -->
          <step title="Cleaning up temp files" date="2025-11-10T23:44:08.014" /><!-- duration: 507ms -->
          <step title="Reloading status file with latest updates" date="2025-11-10T23:44:08.553" >
            <step title="WebHooksManager.PublishEventAsync: PostDeployment" date="2025-11-10T23:44:08.558" /><!-- duration: 41ms -->
          </step><!-- duration: 50ms -->
          <step title="Cleaning up temporary deployment - fetch deployment was successful" date="2025-11-10T23:44:08.610" /><!-- duration: 4ms -->
        </step><!-- duration: 73346ms -->
      </step><!-- duration: 75518ms -->
