<step title="Incoming Request" date="2025-11-11T01:24:56.872" instance="fbf34d" url="/api/deployments/latest?deployer=ms-azuretools-vscode&amp;time=2025-11-11_01-24-33Z" method="GET" type="request" pid="768,1,26" Host="pictback-bzakbsfgc6bgcjcc.scm.brazilsouth-01.azurewebsites.net" User-Agent="vscode-azureappservice/0.26.4 core-rest-pipeline/1.20.0 Node/22.19.0 OS/(x64-Windows_NT-10.0.26200)" Accept-Encoding="gzip,deflate" Accept-Language="en" Authorization="Bea..." x-ms-correlation-request-id="19b1610e-4a81-4707-b8f0-c0b643729a50" x-ms-client-request-id="4d19cbb8-febc-4b78-9c6d-0987da14fe83" X-ARR-LOG-ID="4d19cbb8-febc-4b78-9c6d-0987da14fe83" CLIENT-IP="191.183.114.9:21909" X-SITE-DEPLOYMENT-ID="Pictback" WAS-DEFAULT-HOSTNAME="pictback-bzakbsfgc6bgcjcc.scm.brazilsouth-01.azurewebsites.net" X-Forwarded-Proto="https" X-AppService-Proto="https" X-Forwarded-TlsVersion="1.3" X-WAWS-Unencoded-URL="/api/deployments/latest?deployer=ms-azuretools-vscode&amp;time=2025-11-11_01-24-33Z" X-Client-IP="191.183.114.9" X-Client-Port="21909" >
  <step title="Cleanup Xml Logs" date="2025-11-11T01:24:56.878" >
    <step title="Cleanup Infos" date="2025-11-11T01:24:56.912" totalFiles="284" totalCleanup="124" /><!-- duration: 8ms -->
  </step><!-- duration: 48ms -->
  <step title="DeploymentService.GetResult" date="2025-11-11T01:24:56.936" >
    <step title="DeploymentService.GetLatestDeployment" date="2025-11-11T01:24:56.940" >
      <step title="DeploymentManager.GetResults" date="2025-11-11T01:24:56.946" /><!-- duration: 1945ms -->
    </step><!-- duration: 1979ms -->
  </step><!-- duration: 1990ms -->
  <step title="Outgoing response" date="2025-11-11T01:24:58.937" type="response" statusCode="202" statusText="Accepted" /><!-- duration: 9ms -->
</step><!-- duration: 2086ms -->
