<step title="Incoming Request" date="2025-11-11T00:04:55.958" instance="fbf34d" url="/api/zipdeploy?author=ms-azuretools-vscode&amp;deployer=ms-azuretools-vscode&amp;isAsync=true&amp;trackDeploymentId=true" method="POST" type="request" pid="768,1,32" Host="pictback-bzakbsfgc6bgcjcc.scm.brazilsouth-01.azurewebsites.net" User-Agent="vscode-azureappservice/0.26.4 core-rest-pipeline/1.20.0 Node/22.19.0 OS/(x64-Windows_NT-10.0.26200)" Accept-Encoding="gzip,deflate" Accept-Language="en" Authorization="Bea..." Transfer-Encoding="chunked" x-ms-correlation-request-id="2fdf94a5-1e8b-4dc8-8d2b-46fdd42f2bfe" x-ms-client-request-id="34361232-a9c7-4e5d-92df-a1f33775a638" X-ARR-LOG-ID="34361232-a9c7-4e5d-92df-a1f33775a638" CLIENT-IP="191.183.114.9:59246" X-SITE-DEPLOYMENT-ID="Pictback" WAS-DEFAULT-HOSTNAME="pictback-bzakbsfgc6bgcjcc.scm.brazilsouth-01.azurewebsites.net" X-Forwarded-Proto="https" X-AppService-Proto="https" X-Forwarded-TlsVersion="1.3" X-WAWS-Unencoded-URL="/api/zipdeploy?author=ms-azuretools-vscode&amp;deployer=ms-azuretools-vscode&amp;isAsync=true&amp;trackDeploymentId=true" X-Client-IP="191.183.114.9" X-Client-Port="59246" >
  <step title="Cleanup Xml Logs" date="2025-11-11T00:04:55.993" /><!-- duration: 35ms -->
  <step title="ZipPushDeploy" date="2025-11-11T00:04:56.254" >
    <step title="ZipDeploy. Extract zip." date="2025-11-11T00:04:56.308" /><!-- duration: 5ms -->
    <step title="Starting PushDeployAsync" date="2025-11-11T00:04:56.336" /><!-- duration: 5ms -->
    <step title="Writing artifact to /tmp/zipdeploy/885d88cd-f156-4937-80c9-3cddb14f289c.zip" date="2025-11-11T00:04:56.388" >
      <step title="Writing multipart request body to /tmp/zipdeploy/885d88cd-f156-4937-80c9-3cddb14f289c.zip" date="2025-11-11T00:04:56.429" /><!-- duration: 24ms -->
    </step><!-- duration: 2549ms -->
    <step title="Removing previous build artifact&apos;s manifest file" date="2025-11-11T00:04:58.993" >
      <step title="Start deployment in the background" date="2025-11-11T00:04:59.023" >
        <step title="Acquiring Deployment Lock" date="2025-11-11T00:04:59.084" /><!-- duration: 5ms -->
        <step title="Acquired Deployment Lock" date="2025-11-11T00:04:59.160" /><!-- duration: 632ms -->
      </step><!-- duration: 1003ms -->
    </step><!-- duration: 1060ms -->
    <step title="Outgoing response" date="2025-11-11T00:05:00.085" type="response" statusCode="202" statusText="Accepted" /><!-- duration: 5ms -->
  </step><!-- duration: 3844ms -->
