<step title="Incoming Request" date="2025-11-10T23:27:45.424" instance="fbf34d" url="/api/zipdeploy?author=ms-azuretools-vscode&amp;deployer=ms-azuretools-vscode&amp;isAsync=true&amp;trackDeploymentId=true" method="POST" type="request" pid="768,1,29" Host="pictback-bzakbsfgc6bgcjcc.scm.brazilsouth-01.azurewebsites.net" User-Agent="vscode-azureappservice/0.26.4 core-rest-pipeline/1.20.0 Node/22.19.0 OS/(x64-Windows_NT-10.0.26200)" Accept-Encoding="gzip,deflate" Accept-Language="en" Authorization="Bea..." Transfer-Encoding="chunked" x-ms-correlation-request-id="a637edd2-1d0a-4f41-ac19-e2be7f28dbef" x-ms-client-request-id="f41f52fa-cc3c-4e8e-8678-0b3fafef2bc9" X-ARR-LOG-ID="f41f52fa-cc3c-4e8e-8678-0b3fafef2bc9" CLIENT-IP="191.183.114.9:54028" X-SITE-DEPLOYMENT-ID="Pictback" WAS-DEFAULT-HOSTNAME="pictback-bzakbsfgc6bgcjcc.scm.brazilsouth-01.azurewebsites.net" X-Forwarded-Proto="https" X-AppService-Proto="https" X-Forwarded-TlsVersion="1.3" X-WAWS-Unencoded-URL="/api/zipdeploy?author=ms-azuretools-vscode&amp;deployer=ms-azuretools-vscode&amp;isAsync=true&amp;trackDeploymentId=true" X-Client-IP="191.183.114.9" X-Client-Port="54028" >
  <step title="Cleanup Xml Logs" date="2025-11-10T23:27:45.461" /><!-- duration: 56ms -->
  <step title="ZipPushDeploy" date="2025-11-10T23:27:46.323" >
    <step title="ZipDeploy. Extract zip." date="2025-11-10T23:27:46.360" /><!-- duration: 5ms -->
    <step title="Starting PushDeployAsync" date="2025-11-10T23:27:46.377" /><!-- duration: 4ms -->
    <step title="Writing artifact to /tmp/zipdeploy/9e961ff7-7638-4e60-9084-a4b9bf95e015.zip" date="2025-11-10T23:27:46.421" >
      <step title="Writing multipart request body to /tmp/zipdeploy/9e961ff7-7638-4e60-9084-a4b9bf95e015.zip" date="2025-11-10T23:27:46.430" /><!-- duration: 19ms -->
    </step><!-- duration: 2830ms -->
    <step title="Removing previous build artifact&apos;s manifest file" date="2025-11-10T23:27:49.267" >
      <step title="Start deployment in the background" date="2025-11-10T23:27:49.305" >
        <step title="Acquiring Deployment Lock" date="2025-11-10T23:27:49.399" /><!-- duration: 5ms -->
        <step title="Acquired Deployment Lock" date="2025-11-10T23:27:49.480" /><!-- duration: 5ms -->
      </step><!-- duration: 387ms -->
    </step><!-- duration: 503ms -->
    <step title="Outgoing response" date="2025-11-10T23:27:49.816" type="response" statusCode="202" statusText="Accepted" /><!-- duration: 11ms -->
  </step><!-- duration: 3519ms -->
