<step title="BackgroundTrace" date="2025-11-11T00:48:04.155" instance="fbf34d" url="/api/zipdeploy" method="POST" >
  <step title="Creating temporary deployment - FetchDeploymentManager" date="2025-11-11T00:48:04.225" /><!-- duration: 9ms -->
  <step title="Creating temporary deployment" date="2025-11-11T00:48:04.239" /><!-- duration: 58ms -->
  <step title="Performing fetch based deployment" date="2025-11-11T00:48:04.363" >
    <step title="Cleaning up temp folders from previous zip deployments and extracting pushed zip file /tmp/zipdeploy/cb3091dc-f8ea-48cd-a4d5-e02d357761d8.zip (29.15 MB) to /tmp/zipdeploy/extracted" date="2025-11-11T00:48:05.536" >
      <step title="ChmodRecursive Process exited with total time taken in ms: 109" date="2025-11-11T00:48:14.121" /><!-- duration: 6ms -->
    </step><!-- duration: 8600ms -->
    <step title="Deployment timer started" date="2025-11-11T00:48:16.154" >
      <step title="DeploymentManager.Deploy(id:556d1c1c-a4e0-42bc-988b-dab50f14e8f8)" date="2025-11-11T00:48:16.161" >
        <step title="Collecting changeset information" date="2025-11-11T00:48:16.205" /><!-- duration: 127ms -->
        <step title="Updating submodules" date="2025-11-11T00:48:16.347" /><!-- duration: 1162ms -->
        <step title="Determining deployment builder" date="2025-11-11T00:48:17.784" >
          <step title="Builder is OryxBuilder" date="2025-11-11T00:48:17.801" /><!-- duration: 4ms -->
        </step><!-- duration: 24ms -->
        <step title="PreDeployment: context.CleanOutputPath False" date="2025-11-11T00:48:18.430" >
          <step title="PreDeployment: context.OutputPath /home/site/wwwroot" date="2025-11-11T00:48:18.587" >
            <step title="Building" date="2025-11-11T00:48:18.747" >
              <step title="Executing external process" date="2025-11-11T00:48:19.159" type="process" path="bash" arguments="-c &quot;oryx build /tmp/zipdeploy/extracted -o /home/site/wwwroot --platform python --platform-version 3.11 -p virtualenv_name=antenv --log-file /tmp/build-debug.log  -i /tmp/8de20bc01229e04 --compress-destination-dir | tee /tmp/oryx-build.log ; exit $PIPESTATUS &quot;" /><!-- duration: 111013ms -->
              <step title="Using PythonDeploymentLogParser" date="2025-11-11T00:50:10.748" /><!-- duration: 4ms -->
              <step title="Triggering recycle (preview mode disabled)." date="2025-11-11T00:50:12.303" /><!-- duration: 7ms -->
              <step title="Modified file to trigger a restart of the app container." date="2025-11-11T00:50:12.351" /><!-- duration: 4ms -->
              <step title="Skip function trigger and logicapp sync because function is not enabled." date="2025-11-11T00:50:12.367" /><!-- duration: 4ms -->
            </step><!-- duration: 115118ms -->
          </step><!-- duration: 115288ms -->
          <step title="Cleaning up temp files" date="2025-11-11T00:50:13.880" /><!-- duration: 3058ms -->
          <step title="Cleaning up temp files" date="2025-11-11T00:50:16.946" /><!-- duration: 535ms -->
          <step title="Reloading status file with latest updates" date="2025-11-11T00:50:17.515" >
            <step title="WebHooksManager.PublishEventAsync: PostDeployment" date="2025-11-11T00:50:17.532" /><!-- duration: 209ms -->
          </step><!-- duration: 237ms -->
          <step title="Cleaning up temporary deployment - fetch deployment was successful" date="2025-11-11T00:50:17.816" /><!-- duration: 5ms -->
        </step><!-- duration: 119476ms -->
      </step><!-- duration: 121930ms -->
