<step title="Incoming Request" date="2025-11-10T23:06:45.949" instance="fbf34d" url="/api/zipdeploy?author=ms-azuretools-vscode&amp;deployer=ms-azuretools-vscode&amp;isAsync=true&amp;trackDeploymentId=true" method="POST" type="request" pid="768,1,7" Host="pictback-bzakbsfgc6bgcjcc.scm.brazilsouth-01.azurewebsites.net" User-Agent="vscode-azureappservice/0.26.4 core-rest-pipeline/1.20.0 Node/22.19.0 OS/(x64-Windows_NT-10.0.26200)" Accept-Encoding="gzip,deflate" Accept-Language="en" Authorization="Bea..." Transfer-Encoding="chunked" x-ms-correlation-request-id="eb2216b8-0ad8-4f85-a9d3-49548a56544c" x-ms-client-request-id="93824cc1-8e76-45ab-820d-c204ff83f1cd" X-ARR-LOG-ID="93824cc1-8e76-45ab-820d-c204ff83f1cd" CLIENT-IP="191.183.114.9:49680" X-SITE-DEPLOYMENT-ID="Pictback" WAS-DEFAULT-HOSTNAME="pictback-bzakbsfgc6bgcjcc.scm.brazilsouth-01.azurewebsites.net" X-Forwarded-Proto="https" X-AppService-Proto="https" X-Forwarded-TlsVersion="1.3" X-WAWS-Unencoded-URL="/api/zipdeploy?author=ms-azuretools-vscode&amp;deployer=ms-azuretools-vscode&amp;isAsync=true&amp;trackDeploymentId=true" X-Client-IP="191.183.114.9" X-Client-Port="49680" >
  <step title="Cleanup Xml Logs" date="2025-11-10T23:06:45.963" /><!-- duration: 9ms -->
  <step title="ZipPushDeploy" date="2025-11-10T23:06:45.992" >
    <step title="ZipDeploy. Extract zip." date="2025-11-10T23:06:46.004" /><!-- duration: 4ms -->
    <step title="None repository commit" date="2025-11-10T23:06:46.018" >
      <step title="Commit id: 23d383e4-dd19-4c01-9275-c04cf265d1bf" date="2025-11-10T23:06:46.022" Message="N/A" AuthorName="N/A" AuthorEmail="N/A" /><!-- duration: 4ms -->
    </step><!-- duration: 12ms -->
    <step title="Starting PushDeployAsync" date="2025-11-10T23:06:46.034" /><!-- duration: 6ms -->
    <step title="Writing artifact to /tmp/zipdeploy/665eaad5-0fcc-4fb1-b0bc-82e3debc09c2.zip" date="2025-11-10T23:06:46.087" >
      <step title="Writing multipart request body to /tmp/zipdeploy/665eaad5-0fcc-4fb1-b0bc-82e3debc09c2.zip" date="2025-11-10T23:06:46.102" /><!-- duration: 5ms -->
    </step><!-- duration: 41246ms -->
    <step title="Removing previous build artifact&apos;s manifest file" date="2025-11-10T23:07:27.408" >
      <step title="Start deployment in the background" date="2025-11-10T23:07:27.832" >
        <step title="Acquiring Deployment Lock" date="2025-11-10T23:07:29.095" /><!-- duration: 88ms -->
        <step title="Acquired Deployment Lock" date="2025-11-10T23:07:29.793" /><!-- duration: 264ms -->
      </step><!-- duration: 3755ms -->
    </step><!-- duration: 4492ms -->
    <step title="Outgoing response" date="2025-11-10T23:07:32.136" type="response" statusCode="202" statusText="Accepted" /><!-- duration: 20ms -->
  </step><!-- duration: 46173ms -->
