<step title="Incoming Request" date="2025-11-10T13:27:41.393" instance="9bcf6c" url="/api/zipdeploy?author=ms-azuretools-vscode&amp;deployer=ms-azuretools-vscode&amp;isAsync=true&amp;trackDeploymentId=true" method="POST" type="request" pid="769,1,36" Host="pictback-bzakbsfgc6bgcjcc.scm.brazilsouth-01.azurewebsites.net" User-Agent="vscode-azureappservice/0.26.4 core-rest-pipeline/1.20.0 Node/22.19.0 OS/(x64-Windows_NT-10.0.26200)" Accept-Encoding="gzip,deflate" Accept-Language="en" Authorization="Bea..." Transfer-Encoding="chunked" x-ms-correlation-request-id="c62c6585-60f9-4dff-b570-176e4c7c0d85" x-ms-client-request-id="da1512c9-6101-495c-815c-b24ea1ebda52" X-ARR-LOG-ID="da1512c9-6101-495c-815c-b24ea1ebda52" CLIENT-IP="179.189.226.254:58089" X-SITE-DEPLOYMENT-ID="Pictback" WAS-DEFAULT-HOSTNAME="pictback-bzakbsfgc6bgcjcc.scm.brazilsouth-01.azurewebsites.net" X-Forwarded-Proto="https" X-AppService-Proto="https" X-Forwarded-TlsVersion="1.3" X-WAWS-Unencoded-URL="/api/zipdeploy?author=ms-azuretools-vscode&amp;deployer=ms-azuretools-vscode&amp;isAsync=true&amp;trackDeploymentId=true" X-Client-IP="179.189.226.254" X-Client-Port="58089" >
  <step title="Cleanup Xml Logs" date="2025-11-10T13:27:41.398" /><!-- duration: 10ms -->
  <step title="ZipPushDeploy" date="2025-11-10T13:27:42.041" >
    <step title="ZipDeploy. Extract zip." date="2025-11-10T13:27:42.104" /><!-- duration: 20ms -->
    <step title="None repository commit" date="2025-11-10T13:27:42.262" >
      <step title="Commit id: 21dfea72-774c-4236-936a-0684463fdb22" date="2025-11-10T13:27:42.599" Message="N/A" AuthorName="N/A" AuthorEmail="N/A" /><!-- duration: 29ms -->
    </step><!-- duration: 381ms -->
    <step title="Starting PushDeployAsync" date="2025-11-10T13:27:42.673" /><!-- duration: 32ms -->
    <step title="Writing artifact to /tmp/zipdeploy/e64db5ba-2ea8-4bdc-b8a0-e8c83ee89dff.zip" date="2025-11-10T13:27:42.897" >
      <step title="Writing multipart request body to /tmp/zipdeploy/e64db5ba-2ea8-4bdc-b8a0-e8c83ee89dff.zip" date="2025-11-10T13:27:43.009" /><!-- duration: 16ms -->
    </step><!-- duration: 41296ms -->
    <step title="Start deployment in the background" date="2025-11-10T13:28:24.218" >
      <step title="Acquiring Deployment Lock" date="2025-11-10T13:28:24.274" /><!-- duration: 5ms -->
      <step title="Acquired Deployment Lock" date="2025-11-10T13:28:24.363" /><!-- duration: 17ms -->
    </step><!-- duration: 438ms -->
  </step><!-- duration: 42677ms -->
  <step title="Outgoing response" date="2025-11-10T13:28:24.910" type="response" statusCode="202" statusText="Accepted" /><!-- duration: 19ms -->
</step><!-- duration: 43558ms -->
