<step title="Incoming Request" date="2025-11-11T00:23:42.297" instance="fbf34d" url="/api/deployments/latest?deployer=ms-azuretools-vscode&amp;time=2025-11-11_00-23-22Z" method="GET" type="request" pid="768,1,25" Host="pictback-bzakbsfgc6bgcjcc.scm.brazilsouth-01.azurewebsites.net" User-Agent="vscode-azureappservice/0.26.4 core-rest-pipeline/1.20.0 Node/22.19.0 OS/(x64-Windows_NT-10.0.26200)" Accept-Encoding="gzip,deflate" Accept-Language="en" Authorization="Bea..." x-ms-correlation-request-id="149ed857-aeb8-4682-8b75-276cf339ec1e" x-ms-client-request-id="74c487bb-8282-421d-936e-4dfdf5dd5a13" X-ARR-LOG-ID="74c487bb-8282-421d-936e-4dfdf5dd5a13" CLIENT-IP="191.183.114.9:59670" X-SITE-DEPLOYMENT-ID="Pictback" WAS-DEFAULT-HOSTNAME="pictback-bzakbsfgc6bgcjcc.scm.brazilsouth-01.azurewebsites.net" X-Forwarded-Proto="https" X-AppService-Proto="https" X-Forwarded-TlsVersion="1.3" X-WAWS-Unencoded-URL="/api/deployments/latest?deployer=ms-azuretools-vscode&amp;time=2025-11-11_00-23-22Z" X-Client-IP="191.183.114.9" X-Client-Port="59670" >
  <step title="Cleanup Xml Logs" date="2025-11-11T00:23:42.303" >
    <step title="Cleanup Infos" date="2025-11-11T00:23:42.332" totalFiles="225" totalCleanup="65" /><!-- duration: 9ms -->
  </step><!-- duration: 70ms -->
  <step title="DeploymentService.GetResult" date="2025-11-11T00:23:42.382" >
    <step title="DeploymentService.GetLatestDeployment" date="2025-11-11T00:23:42.386" >
      <step title="DeploymentManager.GetResults" date="2025-11-11T00:23:42.407" /><!-- duration: 862ms -->
    </step><!-- duration: 888ms -->
  </step><!-- duration: 897ms -->
  <step title="Outgoing response" date="2025-11-11T00:23:43.283" type="response" statusCode="202" statusText="Accepted" /><!-- duration: 5ms -->
</step><!-- duration: 995ms -->
