<step title="BackgroundTrace" date="2025-11-10T23:27:49.349" instance="fbf34d" url="/api/zipdeploy" method="POST" >
  <step title="Cleanup Xml Logs" date="2025-11-10T23:27:49.354" /><!-- duration: 22ms -->
  <step title="Creating temporary deployment - FetchDeploymentManager" date="2025-11-10T23:27:49.490" /><!-- duration: 6ms -->
  <step title="Creating temporary deployment" date="2025-11-10T23:27:49.504" /><!-- duration: 178ms -->
  <step title="Performing fetch based deployment" date="2025-11-10T23:27:49.866" >
    <step title="Cleaning up temp folders from previous zip deployments and extracting pushed zip file /tmp/zipdeploy/9e961ff7-7638-4e60-9084-a4b9bf95e015.zip (29.15 MB) to /tmp/zipdeploy/extracted" date="2025-11-10T23:27:51.563" >
      <step title="ChmodRecursive Process exited with total time taken in ms: 146" date="2025-11-10T23:28:00.845" /><!-- duration: 7ms -->
    </step><!-- duration: 9299ms -->
    <step title="Deployment timer started" date="2025-11-10T23:28:02.900" >
      <step title="DeploymentManager.Deploy(id:f4c97758-f626-4757-a5a8-354c2e584cef)" date="2025-11-10T23:28:02.905" >
        <step title="Collecting changeset information" date="2025-11-10T23:28:02.924" /><!-- duration: 125ms -->
        <step title="Updating submodules" date="2025-11-10T23:28:03.059" /><!-- duration: 1146ms -->
        <step title="Determining deployment builder" date="2025-11-10T23:28:04.831" >
          <step title="Builder is OryxBuilder" date="2025-11-10T23:28:04.929" /><!-- duration: 5ms -->
        </step><!-- duration: 108ms -->
        <step title="PreDeployment: context.CleanOutputPath False" date="2025-11-10T23:28:05.017" >
          <step title="PreDeployment: context.OutputPath /home/site/wwwroot" date="2025-11-10T23:28:05.162" >
            <step title="Building" date="2025-11-10T23:28:05.316" >
              <step title="Executing external process" date="2025-11-10T23:28:05.743" type="process" path="bash" arguments="-c &quot;oryx build /tmp/zipdeploy/extracted -o /home/site/wwwroot --platform python --platform-version 3.11 -p virtualenv_name=antenv --log-file /tmp/build-debug.log  -i /tmp/8de20b0cc709ab3 --compress-destination-dir | tee /tmp/oryx-build.log ; exit $PIPESTATUS &quot;" /><!-- duration: 69263ms -->
              <step title="Using PythonDeploymentLogParser" date="2025-11-10T23:29:15.512" /><!-- duration: 6ms -->
              <step title="Triggering recycle (preview mode disabled)." date="2025-11-10T23:29:17.107" /><!-- duration: 8ms -->
              <step title="Modified file to trigger a restart of the app container." date="2025-11-10T23:29:17.157" /><!-- duration: 5ms -->
              <step title="Skip function trigger and logicapp sync because function is not enabled." date="2025-11-10T23:29:17.173" /><!-- duration: 5ms -->
            </step><!-- duration: 72966ms -->
          </step><!-- duration: 73131ms -->
          <step title="Cleaning up temp files" date="2025-11-10T23:29:18.297" /><!-- duration: 2556ms -->
          <step title="Cleaning up temp files" date="2025-11-10T23:29:20.861" /><!-- duration: 509ms -->
          <step title="Reloading status file with latest updates" date="2025-11-10T23:29:21.405" >
            <step title="WebHooksManager.PublishEventAsync: PostDeployment" date="2025-11-10T23:29:21.409" /><!-- duration: 55ms -->
          </step><!-- duration: 65ms -->
          <step title="Cleaning up temporary deployment - fetch deployment was successful" date="2025-11-10T23:29:21.480" /><!-- duration: 8ms -->
        </step><!-- duration: 76528ms -->
      </step><!-- duration: 78670ms -->
