<step title="Incoming Request" date="2025-11-11T00:48:12.659" instance="fbf34d" url="/api/deployments/latest?deployer=ms-azuretools-vscode&amp;time=2025-11-11_00-48-04Z" method="GET" type="request" pid="768,1,29" Host="pictback-bzakbsfgc6bgcjcc.scm.brazilsouth-01.azurewebsites.net" User-Agent="vscode-azureappservice/0.26.4 core-rest-pipeline/1.20.0 Node/22.19.0 OS/(x64-Windows_NT-10.0.26200)" Accept-Encoding="gzip,deflate" Accept-Language="en" Authorization="Bea..." x-ms-correlation-request-id="9574692b-b031-47b3-be4f-4f3f0cf03198" x-ms-client-request-id="aca10ead-2838-43af-8dc4-f454f71093b2" X-ARR-LOG-ID="aca10ead-2838-43af-8dc4-f454f71093b2" CLIENT-IP="191.183.114.9:54684" X-SITE-DEPLOYMENT-ID="Pictback" WAS-DEFAULT-HOSTNAME="pictback-bzakbsfgc6bgcjcc.scm.brazilsouth-01.azurewebsites.net" X-Forwarded-Proto="https" X-AppService-Proto="https" X-Forwarded-TlsVersion="1.3" X-WAWS-Unencoded-URL="/api/deployments/latest?deployer=ms-azuretools-vscode&amp;time=2025-11-11_00-48-04Z" X-Client-IP="191.183.114.9" X-Client-Port="54684" >
  <step title="Cleanup Xml Logs" date="2025-11-11T00:48:12.663" >
    <step title="Cleanup Infos" date="2025-11-11T00:48:12.682" totalFiles="257" totalCleanup="97" /><!-- duration: 10ms -->
  </step><!-- duration: 34ms -->
  <step title="DeploymentService.GetResult" date="2025-11-11T00:48:12.706" >
    <step title="DeploymentService.GetLatestDeployment" date="2025-11-11T00:48:12.711" >
      <step title="DeploymentManager.GetResults" date="2025-11-11T00:48:12.716" /><!-- duration: 857ms -->
    </step><!-- duration: 1133ms -->
  </step><!-- duration: 1148ms -->
  <step title="Outgoing response" date="2025-11-11T00:48:13.860" type="response" statusCode="202" statusText="Accepted" /><!-- duration: 5ms -->
</step><!-- duration: 1210ms -->
