<step title="Incoming Request" date="2025-11-11T01:24:45.762" instance="fbf34d" url="/api/deployments/latest?deployer=ms-azuretools-vscode&amp;time=2025-11-11_01-24-33Z" method="GET" type="request" pid="768,1,26" Host="pictback-bzakbsfgc6bgcjcc.scm.brazilsouth-01.azurewebsites.net" User-Agent="vscode-azureappservice/0.26.4 core-rest-pipeline/1.20.0 Node/22.19.0 OS/(x64-Windows_NT-10.0.26200)" Accept-Encoding="gzip,deflate" Accept-Language="en" Authorization="Bea..." x-ms-correlation-request-id="19b1610e-4a81-4707-b8f0-c0b643729a50" x-ms-client-request-id="57c92860-caf7-4438-8340-e65470b856cc" X-ARR-LOG-ID="57c92860-caf7-4438-8340-e65470b856cc" CLIENT-IP="191.183.114.9:21895" X-SITE-DEPLOYMENT-ID="Pictback" WAS-DEFAULT-HOSTNAME="pictback-bzakbsfgc6bgcjcc.scm.brazilsouth-01.azurewebsites.net" X-Forwarded-Proto="https" X-AppService-Proto="https" X-Forwarded-TlsVersion="1.3" X-WAWS-Unencoded-URL="/api/deployments/latest?deployer=ms-azuretools-vscode&amp;time=2025-11-11_01-24-33Z" X-Client-IP="191.183.114.9" X-Client-Port="21895" >
  <step title="Cleanup Xml Logs" date="2025-11-11T01:24:45.766" >
    <step title="Cleanup Infos" date="2025-11-11T01:24:45.984" totalFiles="275" totalCleanup="115" /><!-- duration: 45ms -->
  </step><!-- duration: 301ms -->
  <step title="DeploymentService.GetResult" date="2025-11-11T01:24:46.106" >
    <step title="DeploymentService.GetLatestDeployment" date="2025-11-11T01:24:46.114" >
      <step title="DeploymentManager.GetResults" date="2025-11-11T01:24:46.120" /><!-- duration: 730ms -->
    </step><!-- duration: 760ms -->
  </step><!-- duration: 776ms -->
  <step title="Outgoing response" date="2025-11-11T01:24:46.893" type="response" statusCode="202" statusText="Accepted" /><!-- duration: 13ms -->
</step><!-- duration: 1149ms -->
