<step title="Incoming Request" date="2025-11-10T14:32:13.029" instance="9bcf6c" url="/api/zipdeploy?author=ms-azuretools-vscode&amp;deployer=ms-azuretools-vscode&amp;isAsync=true&amp;trackDeploymentId=true" method="POST" type="request" pid="779,1,20" Host="pictback-bzakbsfgc6bgcjcc.scm.brazilsouth-01.azurewebsites.net" User-Agent="vscode-azureappservice/0.26.4 core-rest-pipeline/1.20.0 Node/22.19.0 OS/(x64-Windows_NT-10.0.26200)" Accept-Encoding="gzip,deflate" Accept-Language="en" Authorization="Bea..." Transfer-Encoding="chunked" x-ms-correlation-request-id="2e55d177-f6cc-409d-b792-459c0c8a1db5" x-ms-client-request-id="8fbebd9f-40f7-4893-924b-194c0114c638" X-ARR-LOG-ID="8fbebd9f-40f7-4893-924b-194c0114c638" CLIENT-IP="179.189.226.254:55625" X-SITE-DEPLOYMENT-ID="Pictback" WAS-DEFAULT-HOSTNAME="pictback-bzakbsfgc6bgcjcc.scm.brazilsouth-01.azurewebsites.net" X-Forwarded-Proto="https" X-AppService-Proto="https" X-Forwarded-TlsVersion="1.3" X-WAWS-Unencoded-URL="/api/zipdeploy?author=ms-azuretools-vscode&amp;deployer=ms-azuretools-vscode&amp;isAsync=true&amp;trackDeploymentId=true" X-Client-IP="179.189.226.254" X-Client-Port="55625" >
  <step title="Cleanup Xml Logs" date="2025-11-10T14:32:13.045" /><!-- duration: 483ms -->
  <step title="ZipPushDeploy" date="2025-11-10T14:32:17.078" >
    <step title="ZipDeploy. Extract zip." date="2025-11-10T14:32:17.247" /><!-- duration: 19ms -->
    <step title="None repository commit" date="2025-11-10T14:32:18.030" >
      <step title="Commit id: 171414ef-34d2-4800-a1b2-93afd4ebff0e" date="2025-11-10T14:32:18.071" Message="N/A" AuthorName="N/A" AuthorEmail="N/A" /><!-- duration: 21ms -->
    </step><!-- duration: 79ms -->
    <step title="Starting PushDeployAsync" date="2025-11-10T14:32:18.130" /><!-- duration: 9ms -->
    <step title="Writing artifact to /tmp/zipdeploy/deb31160-163a-4705-b214-4df64c1572c3.zip" date="2025-11-10T14:32:19.176" >
      <step title="Writing multipart request body to /tmp/zipdeploy/deb31160-163a-4705-b214-4df64c1572c3.zip" date="2025-11-10T14:32:19.311" /><!-- duration: 19ms -->
    </step><!-- duration: 11426ms -->
    <step title="Start deployment in the background" date="2025-11-10T14:32:31.211" >
      <step title="Acquiring Deployment Lock" date="2025-11-10T14:32:31.890" /><!-- duration: 251ms -->
      <step title="Acquired Deployment Lock" date="2025-11-10T14:32:33.401" /><!-- duration: 61ms -->
    </step><!-- duration: 4143ms -->
  </step><!-- duration: 18821ms -->
  <step title="Outgoing response" date="2025-11-10T14:32:38.270" type="response" statusCode="202" statusText="Accepted" /><!-- duration: 56ms -->
</step><!-- duration: 25430ms -->
