<step title="Incoming Request" date="2025-11-11T00:40:38.499" instance="fbf34d" url="/api/deployments/latest?deployer=ms-azuretools-vscode&amp;time=2025-11-11_00-40-24Z" method="GET" type="request" pid="768,1,20" Host="pictback-bzakbsfgc6bgcjcc.scm.brazilsouth-01.azurewebsites.net" User-Agent="vscode-azureappservice/0.26.4 core-rest-pipeline/1.20.0 Node/22.19.0 OS/(x64-Windows_NT-10.0.26200)" Accept-Encoding="gzip,deflate" Accept-Language="en" Authorization="Bea..." x-ms-correlation-request-id="e7c1a4be-a799-4f7a-9567-89634e179b35" x-ms-client-request-id="cc675409-e333-4905-b0a1-3cac34edd2e3" X-ARR-LOG-ID="cc675409-e333-4905-b0a1-3cac34edd2e3" CLIENT-IP="191.183.114.9:21433" X-SITE-DEPLOYMENT-ID="Pictback" WAS-DEFAULT-HOSTNAME="pictback-bzakbsfgc6bgcjcc.scm.brazilsouth-01.azurewebsites.net" X-Forwarded-Proto="https" X-AppService-Proto="https" X-Forwarded-TlsVersion="1.3" X-WAWS-Unencoded-URL="/api/deployments/latest?deployer=ms-azuretools-vscode&amp;time=2025-11-11_00-40-24Z" X-Client-IP="191.183.114.9" X-Client-Port="21433" >
  <step title="Cleanup Xml Logs" date="2025-11-11T00:40:38.523" >
    <step title="Cleanup Infos" date="2025-11-11T00:40:38.545" totalFiles="241" totalCleanup="81" /><!-- duration: 7ms -->
  </step><!-- duration: 33ms -->
  <step title="DeploymentService.GetResult" date="2025-11-11T00:40:38.566" >
    <step title="DeploymentService.GetLatestDeployment" date="2025-11-11T00:40:38.571" >
      <step title="DeploymentManager.GetResults" date="2025-11-11T00:40:38.579" /><!-- duration: 547ms -->
    </step><!-- duration: 560ms -->
  </step><!-- duration: 569ms -->
  <step title="Outgoing response" date="2025-11-11T00:40:39.143" type="response" statusCode="202" statusText="Accepted" /><!-- duration: 6ms -->
</step><!-- duration: 655ms -->
