<step title="Incoming Request" date="2025-11-11T01:24:33.940" instance="fbf34d" url="/api/deployments/latest?deployer=ms-azuretools-vscode&amp;time=2025-11-11_01-24-33Z" method="GET" type="request" pid="768,1,21" Host="pictback-bzakbsfgc6bgcjcc.scm.brazilsouth-01.azurewebsites.net" User-Agent="vscode-azureappservice/0.26.4 core-rest-pipeline/1.20.0 Node/22.19.0 OS/(x64-Windows_NT-10.0.26200)" Accept-Encoding="gzip,deflate" Accept-Language="en" Authorization="Bea..." x-ms-correlation-request-id="19b1610e-4a81-4707-b8f0-c0b643729a50" x-ms-client-request-id="cd073217-3c0c-4a61-8fda-71b34b343a72" X-ARR-LOG-ID="cd073217-3c0c-4a61-8fda-71b34b343a72" CLIENT-IP="191.183.114.9:50344" X-SITE-DEPLOYMENT-ID="Pictback" WAS-DEFAULT-HOSTNAME="pictback-bzakbsfgc6bgcjcc.scm.brazilsouth-01.azurewebsites.net" X-Forwarded-Proto="https" X-AppService-Proto="https" X-Forwarded-TlsVersion="1.3" X-WAWS-Unencoded-URL="/api/deployments/latest?deployer=ms-azuretools-vscode&amp;time=2025-11-11_01-24-33Z" X-Client-IP="191.183.114.9" X-Client-Port="50344" >
  <step title="Cleanup Xml Logs" date="2025-11-11T01:24:33.948" >
    <step title="Cleanup Infos" date="2025-11-11T01:24:34.033" totalFiles="269" totalCleanup="109" /><!-- duration: 14ms -->
  </step><!-- duration: 105ms -->
  <step title="DeploymentService.GetResult" date="2025-11-11T01:24:34.385" >
    <step title="DeploymentService.GetLatestDeployment" date="2025-11-11T01:24:34.452" >
      <step title="DeploymentManager.GetResults" date="2025-11-11T01:24:34.479" /><!-- duration: 1345ms -->
    </step><!-- duration: 1722ms -->
  </step><!-- duration: 1824ms -->
  <step title="Outgoing response" date="2025-11-11T01:24:36.238" type="response" statusCode="202" statusText="Accepted" /><!-- duration: 85ms -->
</step><!-- duration: 2401ms -->
