<step title="Incoming Request" date="2025-11-11T00:40:31.394" instance="fbf34d" url="/api/deployments/latest?deployer=ms-azuretools-vscode&amp;time=2025-11-11_00-40-24Z" method="GET" type="request" pid="768,1,18" Host="pictback-bzakbsfgc6bgcjcc.scm.brazilsouth-01.azurewebsites.net" User-Agent="vscode-azureappservice/0.26.4 core-rest-pipeline/1.20.0 Node/22.19.0 OS/(x64-Windows_NT-10.0.26200)" Accept-Encoding="gzip,deflate" Accept-Language="en" Authorization="Bea..." x-ms-correlation-request-id="e7c1a4be-a799-4f7a-9567-89634e179b35" x-ms-client-request-id="d6156998-d454-4f0f-be3e-a8f3321cd024" X-ARR-LOG-ID="d6156998-d454-4f0f-be3e-a8f3321cd024" CLIENT-IP="191.183.114.9:49152" X-SITE-DEPLOYMENT-ID="Pictback" WAS-DEFAULT-HOSTNAME="pictback-bzakbsfgc6bgcjcc.scm.brazilsouth-01.azurewebsites.net" X-Forwarded-Proto="https" X-AppService-Proto="https" X-Forwarded-TlsVersion="1.3" X-WAWS-Unencoded-URL="/api/deployments/latest?deployer=ms-azuretools-vscode&amp;time=2025-11-11_00-40-24Z" X-Client-IP="191.183.114.9" X-Client-Port="49152" >
  <step title="Cleanup Xml Logs" date="2025-11-11T00:40:31.397" >
    <step title="Cleanup Infos" date="2025-11-11T00:40:31.597" totalFiles="235" totalCleanup="75" /><!-- duration: 55ms -->
  </step><!-- duration: 259ms -->
  <step title="DeploymentService.GetResult" date="2025-11-11T00:40:31.666" >
    <step title="DeploymentService.GetLatestDeployment" date="2025-11-11T00:40:31.672" >
      <step title="DeploymentManager.GetResults" date="2025-11-11T00:40:31.678" /><!-- duration: 1416ms -->
    </step><!-- duration: 1446ms -->
  </step><!-- duration: 1466ms -->
  <step title="Outgoing response" date="2025-11-11T00:40:33.194" type="response" statusCode="202" statusText="Accepted" /><!-- duration: 13ms -->
</step><!-- duration: 1822ms -->
