<step title="BackgroundTrace" date="2025-11-11T00:40:23.773" instance="fbf34d" url="/api/zipdeploy" method="POST" >
  <step title="Cleanup Xml Logs" date="2025-11-11T00:40:23.779" >
    <step title="Cleanup Infos" date="2025-11-11T00:40:23.804" totalFiles="229" totalCleanup="69" /><!-- duration: 10ms -->
  </step><!-- duration: 40ms -->
  <step title="Creating temporary deployment - FetchDeploymentManager" date="2025-11-11T00:40:24.892" /><!-- duration: 4ms -->
  <step title="Creating temporary deployment" date="2025-11-11T00:40:24.906" /><!-- duration: 69ms -->
  <step title="Performing fetch based deployment" date="2025-11-11T00:40:25.036" >
    <step title="Cleaning up temp folders from previous zip deployments and extracting pushed zip file /tmp/zipdeploy/703e47d7-d3ac-4433-ae5b-9c3757bdb562.zip (29.15 MB) to /tmp/zipdeploy/extracted" date="2025-11-11T00:40:26.238" >
      <step title="ChmodRecursive Process exited with total time taken in ms: 529" date="2025-11-11T00:40:36.236" /><!-- duration: 10ms -->
    </step><!-- duration: 10016ms -->
    <step title="Deployment timer started" date="2025-11-11T00:40:38.270" >
      <step title="DeploymentManager.Deploy(id:0266a7f4-22eb-465b-8c7d-bf30c0684270)" date="2025-11-11T00:40:38.276" >
        <step title="Collecting changeset information" date="2025-11-11T00:40:38.309" /><!-- duration: 93ms -->
        <step title="Updating submodules" date="2025-11-11T00:40:38.411" /><!-- duration: 1136ms -->
        <step title="Determining deployment builder" date="2025-11-11T00:40:39.790" >
          <step title="Builder is OryxBuilder" date="2025-11-11T00:40:39.805" /><!-- duration: 9ms -->
        </step><!-- duration: 31ms -->
        <step title="PreDeployment: context.CleanOutputPath False" date="2025-11-11T00:40:39.888" >
          <step title="PreDeployment: context.OutputPath /home/site/wwwroot" date="2025-11-11T00:40:40.027" >
            <step title="Building" date="2025-11-11T00:40:40.196" >
              <step title="Executing external process" date="2025-11-11T00:40:40.605" type="process" path="bash" arguments="-c &quot;oryx build /tmp/zipdeploy/extracted -o /home/site/wwwroot --platform python --platform-version 3.11 -p virtualenv_name=antenv --log-file /tmp/build-debug.log  -i /tmp/8de20baf027bb4a --compress-destination-dir | tee /tmp/oryx-build.log ; exit $PIPESTATUS &quot;" /><!-- duration: 82331ms -->
              <step title="Using PythonDeploymentLogParser" date="2025-11-11T00:42:03.484" /><!-- duration: 6ms -->
              <step title="Triggering recycle (preview mode disabled)." date="2025-11-11T00:42:04.893" /><!-- duration: 11ms -->
              <step title="Modified file to trigger a restart of the app container." date="2025-11-11T00:42:04.940" /><!-- duration: 6ms -->
              <step title="Skip function trigger and logicapp sync because function is not enabled." date="2025-11-11T00:42:04.976" /><!-- duration: 5ms -->
            </step><!-- duration: 85939ms -->
          </step><!-- duration: 86132ms -->
          <step title="Cleaning up temp files" date="2025-11-11T00:42:06.168" /><!-- duration: 34672ms -->
          <step title="Cleaning up temp files" date="2025-11-11T00:42:40.863" /><!-- duration: 519ms -->
          <step title="Reloading status file with latest updates" date="2025-11-11T00:42:41.451" >
            <step title="WebHooksManager.PublishEventAsync: PostDeployment" date="2025-11-11T00:42:41.469" /><!-- duration: 168ms -->
          </step><!-- duration: 204ms -->
          <step title="Cleaning up temporary deployment - fetch deployment was successful" date="2025-11-11T00:42:41.701" /><!-- duration: 8ms -->
        </step><!-- duration: 122104ms -->
      </step><!-- duration: 123796ms -->
