<step title="BackgroundTrace" date="2025-11-11T01:24:30.354" instance="fbf34d" url="/api/zipdeploy" method="POST" >
  <step title="Cleanup Xml Logs" date="2025-11-11T01:24:30.362" >
    <step title="Cleanup Infos" date="2025-11-11T01:24:30.380" totalFiles="268" totalCleanup="108" /><!-- duration: 7ms -->
  </step><!-- duration: 45ms -->
  <step title="Creating temporary deployment - FetchDeploymentManager" date="2025-11-11T01:24:33.355" /><!-- duration: 10ms -->
  <step title="Creating temporary deployment" date="2025-11-11T01:24:33.373" /><!-- duration: 321ms -->
  <step title="Performing fetch based deployment" date="2025-11-11T01:24:33.859" >
    <step title="Cleaning up temp folders from previous zip deployments and extracting pushed zip file /tmp/zipdeploy/4c636252-57ac-4a6c-bf32-fd5a68483981.zip (29.15 MB) to /tmp/zipdeploy/extracted" date="2025-11-11T01:24:35.757" >
      <step title="ChmodRecursive Process exited with total time taken in ms: 995" date="2025-11-11T01:25:04.762" /><!-- duration: 9ms -->
    </step><!-- duration: 29029ms -->
    <step title="Deployment timer started" date="2025-11-11T01:25:06.894" >
      <step title="DeploymentManager.Deploy(id:d321d243-ca05-4a7f-90ef-fda4961a31c2)" date="2025-11-11T01:25:06.901" >
        <step title="Collecting changeset information" date="2025-11-11T01:25:06.923" /><!-- duration: 248ms -->
        <step title="Updating submodules" date="2025-11-11T01:25:07.183" /><!-- duration: 1319ms -->
        <step title="Determining deployment builder" date="2025-11-11T01:25:10.105" >
          <step title="Builder is OryxBuilder" date="2025-11-11T01:25:10.125" /><!-- duration: 7ms -->
        </step><!-- duration: 34ms -->
        <step title="PreDeployment: context.CleanOutputPath False" date="2025-11-11T01:25:10.196" >
          <step title="PreDeployment: context.OutputPath /home/site/wwwroot" date="2025-11-11T01:25:10.336" >
            <step title="Building" date="2025-11-11T01:25:10.473" >
              <step title="Executing external process" date="2025-11-11T01:25:11.034" type="process" path="bash" arguments="-c &quot;oryx build /tmp/zipdeploy/extracted -o /home/site/wwwroot --platform python --platform-version 3.11 -p virtualenv_name=antenv --log-file /tmp/build-debug.log  -i /tmp/8de20c127ca6d7b --compress-destination-dir | tee /tmp/oryx-build.log ; exit $PIPESTATUS &quot;" 