<step title="Incoming Request" date="2025-11-11T00:23:20.032" instance="fbf34d" url="/api/zipdeploy?author=ms-azuretools-vscode&amp;deployer=ms-azuretools-vscode&amp;isAsync=true&amp;trackDeploymentId=true" method="POST" type="request" pid="768,1,3" Host="pictback-bzakbsfgc6bgcjcc.scm.brazilsouth-01.azurewebsites.net" User-Agent="vscode-azureappservice/0.26.4 core-rest-pipeline/1.20.0 Node/22.19.0 OS/(x64-Windows_NT-10.0.26200)" Accept-Encoding="gzip,deflate" Accept-Language="en" Authorization="Bea..." Transfer-Encoding="chunked" x-ms-correlation-request-id="149ed857-aeb8-4682-8b75-276cf339ec1e" x-ms-client-request-id="3c5a321f-6e36-4cd7-9b57-29c4c9c697ea" X-ARR-LOG-ID="3c5a321f-6e36-4cd7-9b57-29c4c9c697ea" CLIENT-IP="191.183.114.9:59640" X-SITE-DEPLOYMENT-ID="Pictback" WAS-DEFAULT-HOSTNAME="pictback-bzakbsfgc6bgcjcc.scm.brazilsouth-01.azurewebsites.net" X-Forwarded-Proto="https" X-AppService-Proto="https" X-Forwarded-TlsVersion="1.3" X-WAWS-Unencoded-URL="/api/zipdeploy?author=ms-azuretools-vscode&amp;deployer=ms-azuretools-vscode&amp;isAsync=true&amp;trackDeploymentId=true" X-Client-IP="191.183.114.9" X-Client-Port="59640" >
  <step title="Cleanup Xml Logs" date="2025-11-11T00:23:20.049" >
    <step title="Cleanup Infos" date="2025-11-11T00:23:20.107" totalFiles="208" totalCleanup="48" /><!-- duration: 107ms -->
  </step><!-- duration: 201ms -->
  <step title="ZipPushDeploy" date="2025-11-11T00:23:20.375" >
    <step title="ZipDeploy. Extract zip." date="2025-11-11T00:23:20.394" /><!-- duration: 5ms -->
    <step title="Starting PushDeployAsync" date="2025-11-11T00:23:20.411" /><!-- duration: 4ms -->
    <step title="Writing artifact to /tmp/zipdeploy/8ceb4e63-c100-4ab3-837a-d1ada213876d.zip" date="2025-11-11T00:23:20.469" >
      <step title="Writing multipart request body to /tmp/zipdeploy/8ceb4e63-c100-4ab3-837a-d1ada213876d.zip" date="2025-11-11T00:23:20.476" /><!-- duration: 14ms -->
    </step><!-- duration: 1922ms -->
    <step title="Removing previous build artifact&apos;s manifest file" date="2025-11-11T00:23:22.405" >
      <step title="Start deployment in the background" date="2025-11-11T00:23:22.434" >
        <step title="Acquiring Deployment Lock" date="2025-11-11T00:23:22.470" /><!-- duration: 9ms -->
        <step title="Acquired Deployment Lock" date="2025-11-11T00:23:22.594" /><!-- duration: 7ms -->
      </step><!-- duration: 366ms -->
    </step><!-- duration: 439ms -->
    <step title="Outgoing response" date="2025-11-11T00:23:22.863" type="response" statusCode="202" statusText="Accepted" /><!-- duration: 5ms -->
  </step><!-- duration: 2497ms -->
