<step title="Incoming Request" date="2025-11-11T00:40:27.388" instance="fbf34d" url="/api/deployments/latest?deployer=ms-azuretools-vscode&amp;time=2025-11-11_00-40-24Z" method="GET" type="request" pid="768,1,28" Host="pictback-bzakbsfgc6bgcjcc.scm.brazilsouth-01.azurewebsites.net" User-Agent="vscode-azureappservice/0.26.4 core-rest-pipeline/1.20.0 Node/22.19.0 OS/(x64-Windows_NT-10.0.26200)" Accept-Encoding="gzip,deflate" Accept-Language="en" Authorization="Bea..." x-ms-correlation-request-id="e7c1a4be-a799-4f7a-9567-89634e179b35" x-ms-client-request-id="fb709575-f0b5-4eb4-9314-df54e0dfb369" X-ARR-LOG-ID="fb709575-f0b5-4eb4-9314-df54e0dfb369" CLIENT-IP="191.183.114.9:65530" X-SITE-DEPLOYMENT-ID="Pictback" WAS-DEFAULT-HOSTNAME="pictback-bzakbsfgc6bgcjcc.scm.brazilsouth-01.azurewebsites.net" X-Forwarded-Proto="https" X-AppService-Proto="https" X-Forwarded-TlsVersion="1.3" X-WAWS-Unencoded-URL="/api/deployments/latest?deployer=ms-azuretools-vscode&amp;time=2025-11-11_00-40-24Z" X-Client-IP="191.183.114.9" X-Client-Port="65530" >
  <step title="Cleanup Xml Logs" date="2025-11-11T00:40:27.393" >
    <step title="Cleanup Infos" date="2025-11-11T00:40:27.410" totalFiles="232" totalCleanup="72" /><!-- duration: 6ms -->
  </step><!-- duration: 28ms -->
  <step title="DeploymentService.GetResult" date="2025-11-11T00:40:27.431" >
    <step title="DeploymentService.GetLatestDeployment" date="2025-11-11T00:40:27.441" >
      <step title="DeploymentManager.GetResults" date="2025-11-11T00:40:27.448" /><!-- duration: 520ms -->
    </step><!-- duration: 531ms -->
  </step><!-- duration: 545ms -->
  <step title="Outgoing response" date="2025-11-11T00:40:27.981" type="response" statusCode="202" statusText="Accepted" /><!-- duration: 6ms -->
</step><!-- duration: 604ms -->
