<step title="BackgroundTrace" date="2025-11-10T13:28:24.226" instance="9bcf6c" url="/api/zipdeploy" method="POST" >
  <step title="Cleanup Xml Logs" date="2025-11-10T13:28:24.256" /><!-- duration: 6ms -->
  <step title="Creating temporary deployment - FetchDeploymentManager" date="2025-11-10T13:28:24.395" /><!-- duration: 13ms -->
  <step title="Creating temporary deployment" date="2025-11-10T13:28:24.438" /><!-- duration: 187ms -->
  <step title="Performing fetch based deployment" date="2025-11-10T13:28:25.036" >
    <step title="Cleaning up temp folders from previous zip deployments and extracting pushed zip file /tmp/zipdeploy/e64db5ba-2ea8-4bdc-b8a0-e8c83ee89dff.zip (33.56 MB) to /tmp/zipdeploy/extracted" date="2025-11-10T13:28:27.560" >
      <step title="ChmodRecursive Process exited with total time taken in ms: 829" date="2025-11-10T13:28:47.297" /><!-- duration: 9ms -->
    </step><!-- duration: 19783ms -->
    <step title="Deployment timer started" date="2025-11-10T13:28:49.381" >
      <step title="DeploymentManager.Deploy(id:21dfea72-774c-4236-936a-0684463fdb22)" date="2025-11-10T13:28:49.391" >
        <step title="Collecting changeset information" date="2025-11-10T13:28:49.404" /><!-- duration: 109ms -->
        <step title="Updating submodules" date="2025-11-10T13:28:49.522" /><!-- duration: 1144ms -->
        <step title="Determining deployment builder" date="2025-11-10T13:28:50.957" >
          <step title="Builder is OryxBuilder" date="2025-11-10T13:28:50.976" /><!-- duration: 5ms -->
        </step><!-- duration: 31ms -->
        <step title="PreDeployment: context.CleanOutputPath False" date="2025-11-10T13:28:51.052" >
          <step title="PreDeployment: context.OutputPath /home/site/wwwroot" date="2025-11-10T13:28:51.208" >
            <step title="Building" date="2025-11-10T13:28:51.403" >
              <step title="Executing external process" date="2025-11-10T13:28:51.808" type="process" path="bash" arguments="-c &quot;oryx build /tmp/zipdeploy/extracted -o /home/site/wwwroot --platform python --platform-version 3.11 -p virtualenv_name=antenv --log-file /tmp/build-debug.log  -i /tmp/8de205d1636c10b --compress-destination-dir | tee /tmp/oryx-build.log ; exit $PIPESTATUS &quot;" /><!-- duration: 187528ms -->
              <step title="Using PythonDeploymentLogParser" date="2025-11-10T13:32:00.870" /><!-- duration: 6ms -->
              <step title="Triggering recycle (preview mode disabled)." date="2025-11-10T13:32:03.402" /><!-- duration: 8ms -->
              <step title="Modified file to trigger a restart of the app container." date="2025-11-10T13:32:03.461" /><!-- duration: 3ms -->
              <step title="Skip function trigger and logicapp sync because function is not enabled." date="2025-11-10T13:32:03.488" /><!-- duration: 4ms -->
            </step><!-- duration: 194221ms -->
          </step><!-- duration: 194424ms -->
          <step title="Cleaning up temp files" date="2025-11-10T13:32:05.636" /><!-- duration: 14328ms -->
          <step title="Cleaning up temp files" date="2025-11-10T13:32:20.016" /><!-- duration: 563ms -->
          <step title="Reloading status file with latest updates" date="2025-11-10T13:32:20.700" >
            <step title="WebHooksManager.PublishEventAsync: PostDeployment" date="2025-11-10T13:32:20.748" /><!-- duration: 1474ms -->
          </step><!-- duration: 1551ms -->
          <step title="Cleaning up temporary deployment - fetch deployment was successful" date="2025-11-10T13:32:22.338" /><!-- duration: 24ms -->
        </step><!-- duration: 211353ms -->
      </step><!-- duration: 213164ms -->
