<step title="Incoming Request" date="2025-11-10T23:42:14.858" instance="fbf34d" url="/api/zipdeploy?author=ms-azuretools-vscode&amp;deployer=ms-azuretools-vscode&amp;isAsync=true&amp;trackDeploymentId=true" method="POST" type="request" pid="768,1,22" Host="pictback-bzakbsfgc6bgcjcc.scm.brazilsouth-01.azurewebsites.net" User-Agent="vscode-azureappservice/0.26.4 core-rest-pipeline/1.20.0 Node/22.19.0 OS/(x64-Windows_NT-10.0.26200)" Accept-Encoding="gzip,deflate" Accept-Language="en" Authorization="Bea..." Transfer-Encoding="chunked" x-ms-correlation-request-id="76113004-96f0-4bbc-8b67-21188b01334c" x-ms-client-request-id="a174e68d-998b-4a9e-8c09-b4c68f88e702" X-ARR-LOG-ID="a174e68d-998b-4a9e-8c09-b4c68f88e702" CLIENT-IP="191.183.114.9:20599" X-SITE-DEPLOYMENT-ID="Pictback" WAS-DEFAULT-HOSTNAME="pictback-bzakbsfgc6bgcjcc.scm.brazilsouth-01.azurewebsites.net" X-Forwarded-Proto="https" X-AppService-Proto="https" X-Forwarded-TlsVersion="1.3" X-WAWS-Unencoded-URL="/api/zipdeploy?author=ms-azuretools-vscode&amp;deployer=ms-azuretools-vscode&amp;isAsync=true&amp;trackDeploymentId=true" X-Client-IP="191.183.114.9" X-Client-Port="20599" >
  <step title="Cleanup Xml Logs" date="2025-11-10T23:42:15.000" /><!-- duration: 124ms -->
  <step title="ZipPushDeploy" date="2025-11-10T23:42:16.664" >
    <step title="ZipDeploy. Extract zip." date="2025-11-10T23:42:16.798" /><!-- duration: 31ms -->
    <step title="Starting PushDeployAsync" date="2025-11-10T23:42:16.921" /><!-- duration: 32ms -->
    <step title="Writing artifact to /tmp/zipdeploy/2f2ed0d5-050b-4943-8b89-b30f2e225086.zip" date="2025-11-10T23:42:17.130" >
      <step title="Writing multipart request body to /tmp/zipdeploy/2f2ed0d5-050b-4943-8b89-b30f2e225086.zip" date="2025-11-10T23:42:17.219" /><!-- duration: 19ms -->
    </step><!-- duration: 8639ms -->
    <step title="Removing previous build artifact&apos;s manifest file" date="2025-11-10T23:42:25.861" >
      <step title="Start deployment in the background" date="2025-11-10T23:42:25.979" >
        <step title="Acquiring Deployment Lock" date="2025-11-10T23:42:26.517" /><!-- duration: 24ms -->
        <step title="Acquired Deployment Lock" date="2025-11-10T23:42:27.349" /><!-- duration: 54ms -->
      </step><!-- duration: 2581ms -->
    </step><!-- duration: 3206ms -->
    <step title="Outgoing response" date="2025-11-10T23:42:29.411" type="response" statusCode="202" statusText="Accepted" /><!-- duration: 31ms -->
  </step><!-- duration: 12801ms -->
