<step title="Incoming Request" date="2025-11-11T01:24:53.161" instance="fbf34d" url="/api/deployments/latest?deployer=ms-azuretools-vscode&amp;time=2025-11-11_01-24-33Z" method="GET" type="request" pid="768,1,22" Host="pictback-bzakbsfgc6bgcjcc.scm.brazilsouth-01.azurewebsites.net" User-Agent="vscode-azureappservice/0.26.4 core-rest-pipeline/1.20.0 Node/22.19.0 OS/(x64-Windows_NT-10.0.26200)" Accept-Encoding="gzip,deflate" Accept-Language="en" Authorization="Bea..." x-ms-correlation-request-id="19b1610e-4a81-4707-b8f0-c0b643729a50" x-ms-client-request-id="49ae3a5d-5ea4-4835-a8b3-07e6b7f6d480" X-ARR-LOG-ID="49ae3a5d-5ea4-4835-a8b3-07e6b7f6d480" CLIENT-IP="191.183.114.9:21905" X-SITE-DEPLOYMENT-ID="Pictback" WAS-DEFAULT-HOSTNAME="pictback-bzakbsfgc6bgcjcc.scm.brazilsouth-01.azurewebsites.net" X-Forwarded-Proto="https" X-AppService-Proto="https" X-Forwarded-TlsVersion="1.3" X-WAWS-Unencoded-URL="/api/deployments/latest?deployer=ms-azuretools-vscode&amp;time=2025-11-11_01-24-33Z" X-Client-IP="191.183.114.9" X-Client-Port="21905" >
  <step title="Cleanup Xml Logs" date="2025-11-11T01:24:53.164" >
    <step title="Cleanup Infos" date="2025-11-11T01:24:53.177" totalFiles="281" totalCleanup="121" /><!-- duration: 6ms -->
  </step><!-- duration: 23ms -->
  <step title="DeploymentService.GetResult" date="2025-11-11T01:24:53.200" >
    <step title="DeploymentService.GetLatestDeployment" date="2025-11-11T01:24:53.204" >
      <step title="DeploymentManager.GetResults" date="2025-11-11T01:24:53.208" /><!-- duration: 1747ms -->
    </step><!-- duration: 1756ms -->
  </step><!-- duration: 1766ms -->
  <step title="Outgoing response" date="2025-11-11T01:24:54.970" type="response" statusCode="202" statusText="Accepted" /><!-- duration: 6ms -->
</step><!-- duration: 1820ms -->
