<step title="BackgroundTrace" date="2025-11-10T14:32:31.302" instance="9bcf6c" url="/api/zipdeploy" method="POST" >
  <step title="Cleanup Xml Logs" date="2025-11-10T14:32:31.336" /><!-- duration: 208ms -->
  <step title="Creating temporary deployment - FetchDeploymentManager" date="2025-11-10T14:32:33.542" /><!-- duration: 50ms -->
  <step title="Creating temporary deployment" date="2025-11-10T14:32:33.613" /><!-- duration: 1256ms -->
  <step title="Performing fetch based deployment" date="2025-11-10T14:32:39.230" >
    <step title="Cleaning up temp folders from previous zip deployments and extracting pushed zip file /tmp/zipdeploy/deb31160-163a-4705-b214-4df64c1572c3.zip (33.56 MB) to /tmp/zipdeploy/extracted" date="2025-11-10T14:32:42.571" >
      <step title="ChmodRecursive Process exited with total time taken in ms: 962" date="2025-11-10T14:33:29.852" /><!-- duration: 57ms -->
    </step><!-- duration: 47403ms -->
    <step title="Deployment timer started" date="2025-11-10T14:33:32.211" >
      <step title="DeploymentManager.Deploy(id:171414ef-34d2-4800-a1b2-93afd4ebff0e)" date="2025-11-10T14:33:32.296" >
        <step title="Collecting changeset information" date="2025-11-10T14:33:32.561" /><!-- duration: 541ms -->
        <step title="Updating submodules" date="2025-11-10T14:33:33.268" /><!-- duration: 1840ms -->
        <step title="Determining deployment builder" date="2025-11-10T14:33:36.331" >
          <step title="Builder is OryxBuilder" date="2025-11-10T14:33:36.514" /><!-- duration: 23ms -->
        </step><!-- duration: 241ms -->
        <step title="PreDeployment: context.CleanOutputPath False" date="2025-11-10T14:33:36.835" >
          <step title="PreDeployment: context.OutputPath /home/site/wwwroot" date="2025-11-10T14:33:37.402" >
            <step title="Building" date="2025-11-10T14:33:38.547" >
              <step title="Executing external process" date="2025-11-10T14:33:40.478" type="process" path="bash" arguments="-c &quot;oryx build /tmp/zipdeploy/extracted -o /home/site/wwwroot --platform python --platform-version 3.11 -p virtualenv_name=antenv --log-file /tmp/build-debug.log  -i /tmp/8de2066223644a2 --compress-destination-dir | tee /tmp/oryx-build.log ; exit $PIPESTATUS &quot;" /><!-- duration: 139948ms -->
              <step title="Using PythonDeploymentLogParser" date="2025-11-10T14:36:00.903" /><!-- duration: 6ms -->
              <step title="Triggering recycle (preview mode disabled)." date="2025-11-10T14:36:02.715" /><!-- duration: 7ms -->
              <step title="Modified file to trigger a restart of the app container." date="2025-11-10T14:36:02.749" /><!-- duration: 4ms -->
              <step title="Skip function trigger and logicapp sync because function is not enabled." date="2025-11-10T14:36:02.768" /><!-- duration: 6ms -->
              <step title="Purge deployment items" date="2025-11-10T14:36:03.599" >
                <step title="Remove 2b2d0aa0-, Failed, received at 11/10/2025 14:02:16" date="2025-11-10T14:36:03.680" /><!-- duration: 8ms -->
                <step title="Remove temp-ff1f, Failed, received at 11/10/2025 14:01:59" date="2025-11-10T14:36:03.782" /><!-- duration: 7ms -->
              </step><!-- duration: 196ms -->
            </step><!-- duration: 145384ms -->
          </step><!-- duration: 146535ms -->
          <step title="Cleaning up temp files" date="2025-11-10T14:36:03.942" /><!-- duration: 2316ms -->
          <step title="Cleaning up temp files" date="2025-11-10T14:36:06.265" /><!-- duration: 509ms -->
          <step title="Reloading status file with latest updates" date="2025-11-10T14:36:06.806" >
            <step title="WebHooksManager.PublishEventAsync: PostDeployment" date="2025-11-10T14:36:06.812" /><!-- duration: 63ms -->
          </step><!-- duration: 73ms -->
          <step title="Cleaning up temporary deployment - fetch deployment was successful" date="2025-11-10T14:36:06.894" /><!-- duration: 4ms -->
        </step><!-- duration: 150137ms -->
      </step><!-- duration: 154699ms -->
