<step title="BackgroundTrace" date="2025-11-11T00:23:22.446" instance="fbf34d" url="/api/zipdeploy" method="POST" >
  <step title="Creating temporary deployment - FetchDeploymentManager" date="2025-11-11T00:23:22.608" /><!-- duration: 27ms -->
  <step title="Creating temporary deployment" date="2025-11-11T00:23:22.651" /><!-- duration: 143ms -->
  <step title="Performing fetch based deployment" date="2025-11-11T00:23:22.889" >
    <step title="Cleaning up temp folders from previous zip deployments and extracting pushed zip file /tmp/zipdeploy/8ceb4e63-c100-4ab3-837a-d1ada213876d.zip (29.15 MB) to /tmp/zipdeploy/extracted" date="2025-11-11T00:23:24.256" >
      <step title="ChmodRecursive Process exited with total time taken in ms: 150" date="2025-11-11T00:23:38.288" /><!-- duration: 5ms -->
    </step><!-- duration: 14047ms -->
    <step title="Deployment timer started" date="2025-11-11T00:23:40.388" >
      <step title="DeploymentManager.Deploy(id:51fc9eea-9051-43df-b5ed-c6abc94d1f9d)" date="2025-11-11T00:23:40.401" >
        <step title="Collecting changeset information" date="2025-11-11T00:23:40.419" /><!-- duration: 389ms -->
        <step title="Updating submodules" date="2025-11-11T00:23:40.820" /><!-- duration: 1463ms -->
        <step title="Determining deployment builder" date="2025-11-11T00:23:42.662" >
          <step title="Builder is OryxBuilder" date="2025-11-11T00:23:42.696" /><!-- duration: 5ms -->
        </step><!-- duration: 45ms -->
        <step title="PreDeployment: context.CleanOutputPath False" date="2025-11-11T00:23:43.590" >
          <step title="PreDeployment: context.OutputPath /home/site/wwwroot" date="2025-11-11T00:23:45.408" >
            <step title="Building" date="2025-11-11T00:23:45.557" >
              <step title="Executing external process" date="2025-11-11T00:23:46.209" type="process" path="bash" arguments="-c &quot;oryx build /tmp/zipdeploy/extracted -o /home/site/wwwroot --platform python --platform-version 3.11 -p virtualenv_name=antenv --log-file /tmp/build-debug.log  -i /tmp/8de20b891e76982 --compress-destination-dir | tee /tmp/oryx-build.log ; exit $PIPESTATUS &quot;" /><!-- duration: 80506ms -->
              <step title="Using PythonDeploymentLogParser" date="2025-11-11T00:25:07.930" /><!-- duration: 11ms -->
              <step title="Triggering recycle (preview mode disabled)." date="2025-11-11T00:25:09.352" /><!-- duration: 16ms -->
              <step title="Modified file to trigger a restart of the app container." date="2025-11-11T00:25:09.410" /><!-- duration: 6ms -->
              <step title="Skip function trigger and logicapp sync because function is not enabled." date="2025-11-11T00:25:09.431" /><!-- duration: 5ms -->
            </step><!-- duration: 84949ms -->
          </step><!-- duration: 85111ms -->
          <step title="Cleaning up temp files" date="2025-11-11T00:25:10.524" /><!-- duration: 2390ms -->
          <step title="Cleaning up temp files" date="2025-11-11T00:25:12.925" /><!-- duration: 507ms -->
          <step title="Reloading status file with latest updates" date="2025-11-11T00:25:13.466" >
            <step title="WebHooksManager.PublishEventAsync: PostDeployment" date="2025-11-11T00:25:13.476" /><!-- duration: 50ms -->
          </step><!-- duration: 66ms -->
          <step title="Cleaning up temporary deployment - fetch deployment was successful" date="2025-11-11T00:25:13.541" /><!-- duration: 5ms -->
        </step><!-- duration: 90014ms -->
      </step><!-- duration: 93255ms -->
