<step title="Incoming Request" date="2025-11-10T23:12:20.913" instance="fbf34d" url="/api/zipdeploy?author=ms-azuretools-vscode&amp;deployer=ms-azuretools-vscode&amp;isAsync=true&amp;trackDeploymentId=true" method="POST" type="request" pid="768,1,22" Host="pictback-bzakbsfgc6bgcjcc.scm.brazilsouth-01.azurewebsites.net" User-Agent="vscode-azureappservice/0.26.4 core-rest-pipeline/1.20.0 Node/22.19.0 OS/(x64-Windows_NT-10.0.26200)" Accept-Encoding="gzip,deflate" Accept-Language="en" Authorization="Bea..." Transfer-Encoding="chunked" x-ms-correlation-request-id="870fdee7-1001-452f-93f7-019c743ea953" x-ms-client-request-id="5afd5568-e831-402d-bed1-d1df6feb6f6f" X-ARR-LOG-ID="5afd5568-e831-402d-bed1-d1df6feb6f6f" CLIENT-IP="191.183.114.9:51926" X-SITE-DEPLOYMENT-ID="Pictback" WAS-DEFAULT-HOSTNAME="pictback-bzakbsfgc6bgcjcc.scm.brazilsouth-01.azurewebsites.net" X-Forwarded-Proto="https" X-AppService-Proto="https" X-Forwarded-TlsVersion="1.3" X-WAWS-Unencoded-URL="/api/zipdeploy?author=ms-azuretools-vscode&amp;deployer=ms-azuretools-vscode&amp;isAsync=true&amp;trackDeploymentId=true" X-Client-IP="191.183.114.9" X-Client-Port="51926" >
  <step title="Cleanup Xml Logs" date="2025-11-10T23:12:21.541" /><!-- duration: 177ms -->
  <step title="ZipPushDeploy" date="2025-11-10T23:12:24.315" >
    <step title="ZipDeploy. Extract zip." date="2025-11-10T23:12:24.467" /><!-- duration: 39ms -->
    <step title="Starting PushDeployAsync" date="2025-11-10T23:12:24.690" /><!-- duration: 213ms -->
    <step title="Writing artifact to /tmp/zipdeploy/999c3f4b-d9e9-4387-92f5-9f60593493c9.zip" date="2025-11-10T23:12:25.223" >
      <step title="Writing multipart request body to /tmp/zipdeploy/999c3f4b-d9e9-4387-92f5-9f60593493c9.zip" date="2025-11-10T23:12:25.556" /><!-- duration: 92ms -->
    </step><!-- duration: 9229ms -->
    <step title="Removing previous build artifact&apos;s manifest file" date="2025-11-10T23:12:34.520" >
      <step title="Start deployment in the background" date="2025-11-10T23:12:34.914" >
        <step title="Acquiring Deployment Lock" date="2025-11-10T23:12:35.482" /><!-- duration: 86ms -->
        <step title="Acquired Deployment Lock" date="2025-11-10T23:12:35.758" /><!-- duration: 16ms -->
      </step><!-- duration: 1626ms -->
    </step><!-- duration: 2111ms -->
    <step title="Outgoing response" date="2025-11-10T23:12:36.672" type="response" statusCode="202" statusText="Accepted" /><!-- duration: 12ms -->
  </step><!-- duration: 12380ms -->
