<step title="Incoming Request" date="2025-11-11T00:48:04.468" instance="fbf34d" url="/api/deployments/latest?deployer=ms-azuretools-vscode&amp;time=2025-11-11_00-48-04Z" method="GET" type="request" pid="768,1,22" Host="pictback-bzakbsfgc6bgcjcc.scm.brazilsouth-01.azurewebsites.net" User-Agent="vscode-azureappservice/0.26.4 core-rest-pipeline/1.20.0 Node/22.19.0 OS/(x64-Windows_NT-10.0.26200)" Accept-Encoding="gzip,deflate" Accept-Language="en" Authorization="Bea..." x-ms-correlation-request-id="9574692b-b031-47b3-be4f-4f3f0cf03198" x-ms-client-request-id="d9338a58-b7c1-410f-8356-eac12ca29278" X-ARR-LOG-ID="d9338a58-b7c1-410f-8356-eac12ca29278" CLIENT-IP="191.183.114.9:21515" X-SITE-DEPLOYMENT-ID="Pictback" WAS-DEFAULT-HOSTNAME="pictback-bzakbsfgc6bgcjcc.scm.brazilsouth-01.azurewebsites.net" X-Forwarded-Proto="https" X-AppService-Proto="https" X-Forwarded-TlsVersion="1.3" X-WAWS-Unencoded-URL="/api/deployments/latest?deployer=ms-azuretools-vscode&amp;time=2025-11-11_00-48-04Z" X-Client-IP="191.183.114.9" X-Client-Port="21515" >
  <step title="Cleanup Xml Logs" date="2025-11-11T00:48:04.473" >
    <step title="Cleanup Infos" date="2025-11-11T00:48:04.490" totalFiles="249" totalCleanup="89" /><!-- duration: 7ms -->
  </step><!-- duration: 28ms -->
  <step title="DeploymentService.GetResult" date="2025-11-11T00:48:04.519" >
    <step title="DeploymentService.GetLatestDeployment" date="2025-11-11T00:48:04.523" >
      <step title="DeploymentManager.GetResults" date="2025-11-11T00:48:04.528" /><!-- duration: 596ms -->
    </step><!-- duration: 610ms -->
  </step><!-- duration: 618ms -->
  <step title="Outgoing response" date="2025-11-11T00:48:05.146" type="response" statusCode="202" statusText="Accepted" /><!-- duration: 4ms -->
</step><!-- duration: 690ms -->
