<step title="BackgroundTrace" date="2025-11-10T14:01:59.339" instance="9bcf6c" url="/api/zipdeploy" method="POST" >
  <step title="Cleanup Xml Logs" date="2025-11-10T14:01:59.343" /><!-- duration: 8ms -->
  <step title="Creating temporary deployment - FetchDeploymentManager" date="2025-11-10T14:01:59.554" /><!-- duration: 5ms -->
  <step title="Creating temporary deployment" date="2025-11-10T14:01:59.566" /><!-- duration: 77ms -->
  <step title="Performing fetch based deployment" date="2025-11-10T14:01:59.718" >
    <step title="Cleaning up temp folders from previous zip deployments and extracting pushed zip file /tmp/zipdeploy/2f6587ef-f68f-42b0-a113-194fe3a54575.zip (33.56 MB) to /tmp/zipdeploy/extracted" date="2025-11-10T14:02:00.909" >
      <step title="ChmodRecursive Process exited with total time taken in ms: 772" date="2025-11-10T14:02:13.245" /><!-- duration: 43ms -->
    </step><!-- duration: 12517ms -->
    <step title="Deployment timer started" date="2025-11-10T14:02:15.587" >
      <step title="DeploymentManager.Deploy(id:2b2d0aa0-ab23-459e-8a19-c0c2c1dc7bab)" date="2025-11-10T14:02:15.629" >
        <step title="Collecting changeset information" date="2025-11-10T14:02:16.006" /><!-- duration: 1003ms -->
        <step title="Updating submodules" date="2025-11-10T14:02:17.082" /><!-- duration: 1487ms -->
        <step title="Determining deployment builder" date="2025-11-10T14:02:19.290" >
          <step title="Builder is OryxBuilder" date="2025-11-10T14:02:19.402" /><!-- duration: 43ms -->
        </step><!-- duration: 184ms -->
        <step title="PreDeployment: context.CleanOutputPath False" date="2025-11-10T14:02:19.692" >
          <step title="PreDeployment: context.OutputPath /home/site/wwwroot" date="2025-11-10T14:02:20.877" >
            <step title="Building" date="2025-11-10T14:02:21.437" >
              <step title="Executing external process" date="2025-11-10T14:02:23.566" type="process" path="bash" arguments="-c &quot;oryx build /tmp/zipdeploy/extracted -o /home/site/wwwroot --platform python --platform-version 3.11 -p virtualenv_name=antenv --log-file /tmp/build-debug.log  -i /tmp/8de2061c362a6e1 --compress-destination-dir | tee /tmp/oryx-build.log ; exit $PIPESTATUS &quot;" >
                <step title="Cpu: rsync(1103,1.390s)+rsync(1102,0.330s)+rsync(1100,1.710s)+build.sh(1096,0.040s)+oryx(1063,18.020s)+tee(1064,0.010s)+bash(1062,0.000s)=total(21.490s)" date="2025-11-10T14:04:24.535" /><!-- duration: 13ms -->
                <step title="bash: no io activity for 61s, prev-cpu=-1.000s, current-cpu=21.490s" date="2025-11-10T14:04:24.561" /><!-- duration: 13ms -->
