<step title="Incoming Request" date="2025-11-11T01:25:13.562" instance="fbf34d" url="/api/deployments/latest?deployer=ms-azuretools-vscode&amp;time=2025-11-11_01-24-33Z" method="GET" type="request" pid="768,1,26" Host="pictback-bzakbsfgc6bgcjcc.scm.brazilsouth-01.azurewebsites.net" User-Agent="vscode-azureappservice/0.26.4 core-rest-pipeline/1.20.0 Node/22.19.0 OS/(x64-Windows_NT-10.0.26200)" Accept-Encoding="gzip,deflate" Accept-Language="en" Authorization="Bea..." x-ms-correlation-request-id="19b1610e-4a81-4707-b8f0-c0b643729a50" x-ms-client-request-id="dd4756b3-993e-49f2-987b-13327dc23656" X-ARR-LOG-ID="dd4756b3-993e-49f2-987b-13327dc23656" CLIENT-IP="191.183.114.9:50386" X-SITE-DEPLOYMENT-ID="Pictback" WAS-DEFAULT-HOSTNAME="pictback-bzakbsfgc6bgcjcc.scm.brazilsouth-01.azurewebsites.net" X-Forwarded-Proto="https" X-AppService-Proto="https" X-Forwarded-TlsVersion="1.3" X-WAWS-Unencoded-URL="/api/deployments/latest?deployer=ms-azuretools-vscode&amp;time=2025-11-11_01-24-33Z" X-Client-IP="191.183.114.9" X-Client-Port="50386" >
  <step title="Cleanup Xml Logs" date="2025-11-11T01:25:13.565" >
    <step title="Cleanup Infos" date="2025-11-11T01:25:13.587" totalFiles="292" totalCleanup="132" /><!-- duration: 6ms -->
  </step><!-- duration: 40ms -->
  <step title="DeploymentService.GetResult" date="2025-11-11T01:25:14.755" >
    <step title="DeploymentService.GetLatestDeployment" date="2025-11-11T01:25:14.776" >
      <step title="DeploymentManager.GetResults" date="2025-11-11T01:25:14.786" /><!-- duration: 730ms -->
    </step><!-- duration: 745ms -->
  </step><!-- duration: 770ms -->
  <step title="Outgoing response" date="2025-11-11T01:25:15.529" type="response" statusCode="202" statusText="Accepted" /><!-- duration: 6ms -->
</step><!-- duration: 1976ms -->
