<step title="Incoming Request" date="2025-11-11T01:24:49.154" instance="fbf34d" url="/api/deployments/latest?deployer=ms-azuretools-vscode&amp;time=2025-11-11_01-24-33Z" method="GET" type="request" pid="768,1,23" Host="pictback-bzakbsfgc6bgcjcc.scm.brazilsouth-01.azurewebsites.net" User-Agent="vscode-azureappservice/0.26.4 core-rest-pipeline/1.20.0 Node/22.19.0 OS/(x64-Windows_NT-10.0.26200)" Accept-Encoding="gzip,deflate" Accept-Language="en" Authorization="Bea..." x-ms-correlation-request-id="19b1610e-4a81-4707-b8f0-c0b643729a50" x-ms-client-request-id="e95a34a8-8a90-4898-b3a6-39e4f3bc2655" X-ARR-LOG-ID="e95a34a8-8a90-4898-b3a6-39e4f3bc2655" CLIENT-IP="191.183.114.9:50362" X-SITE-DEPLOYMENT-ID="Pictback" WAS-DEFAULT-HOSTNAME="pictback-bzakbsfgc6bgcjcc.scm.brazilsouth-01.azurewebsites.net" X-Forwarded-Proto="https" X-AppService-Proto="https" X-Forwarded-TlsVersion="1.3" X-WAWS-Unencoded-URL="/api/deployments/latest?deployer=ms-azuretools-vscode&amp;time=2025-11-11_01-24-33Z" X-Client-IP="191.183.114.9" X-Client-Port="50362" >
  <step title="Cleanup Xml Logs" date="2025-11-11T01:24:49.156" >
    <step title="Cleanup Infos" date="2025-11-11T01:24:50.161" totalFiles="278" totalCleanup="118" /><!-- duration: 31ms -->
  </step><!-- duration: 1052ms -->
  <step title="DeploymentService.GetResult" date="2025-11-11T01:24:50.266" >
    <step title="DeploymentService.GetLatestDeployment" date="2025-11-11T01:24:50.292" >
      <step title="DeploymentManager.GetResults" date="2025-11-11T01:24:50.333" /><!-- duration: 1043ms -->
    </step><!-- duration: 1108ms -->
  </step><!-- duration: 1144ms -->
  <step title="Outgoing response" date="2025-11-11T01:24:51.439" type="response" statusCode="202" statusText="Accepted" /><!-- duration: 5ms -->
</step><!-- duration: 2300ms -->
