<step title="Incoming Request" date="2025-11-11T01:24:20.589" instance="fbf34d" url="/api/zipdeploy?author=ms-azuretools-vscode&amp;deployer=ms-azuretools-vscode&amp;isAsync=true&amp;trackDeploymentId=true" method="POST" type="request" pid="768,1,20" Host="pictback-bzakbsfgc6bgcjcc.scm.brazilsouth-01.azurewebsites.net" User-Agent="vscode-azureappservice/0.26.4 core-rest-pipeline/1.20.0 Node/22.19.0 OS/(x64-Windows_NT-10.0.26200)" Accept-Encoding="gzip,deflate" Accept-Language="en" Authorization="Bea..." Transfer-Encoding="chunked" x-ms-correlation-request-id="19b1610e-4a81-4707-b8f0-c0b643729a50" x-ms-client-request-id="83ad78c9-da9b-413c-9bb6-e909d202cdd7" X-ARR-LOG-ID="83ad78c9-da9b-413c-9bb6-e909d202cdd7" CLIENT-IP="191.183.114.9:50336" X-SITE-DEPLOYMENT-ID="Pictback" WAS-DEFAULT-HOSTNAME="pictback-bzakbsfgc6bgcjcc.scm.brazilsouth-01.azurewebsites.net" X-Forwarded-Proto="https" X-AppService-Proto="https" X-Forwarded-TlsVersion="1.3" X-WAWS-Unencoded-URL="/api/zipdeploy?author=ms-azuretools-vscode&amp;deployer=ms-azuretools-vscode&amp;isAsync=true&amp;trackDeploymentId=true" X-Client-IP="191.183.114.9" X-Client-Port="50336" >
  <step title="Cleanup Xml Logs" date="2025-11-11T01:24:20.600" >
    <step title="Cleanup Infos" date="2025-11-11T01:24:20.737" totalFiles="267" totalCleanup="107" /><!-- duration: 68ms -->
  </step><!-- duration: 256ms -->
  <step title="ZipPushDeploy" date="2025-11-11T01:24:23.538" >
    <step title="ZipDeploy. Extract zip." date="2025-11-11T01:24:23.734" /><!-- duration: 5ms -->
    <step title="None repository commit" date="2025-11-11T01:24:23.749" >
      <step title="Commit id: d321d243-ca05-4a7f-90ef-fda4961a31c2" date="2025-11-11T01:24:23.759" Message="N/A" AuthorName="N/A" AuthorEmail="N/A" /><!-- duration: 9ms -->
    </step><!-- duration: 24ms -->
    <step title="Starting PushDeployAsync" date="2025-11-11T01:24:23.780" /><!-- duration: 5ms -->
    <step title="Writing artifact to /tmp/zipdeploy/4c636252-57ac-4a6c-bf32-fd5a68483981.zip" date="2025-11-11T01:24:26.653" >
      <step title="Writing multipart request body to /tmp/zipdeploy/4c636252-57ac-4a6c-bf32-fd5a68483981.zip" date="2025-11-11T01:24:26.674" /><!-- duration: 15ms -->
    </step><!-- duration: 3508ms -->
    <step title="Removing previous build artifact&apos;s manifest file" date="2025-11-11T01:24:30.182" >
      <step title="Start deployment in the background" date="2025-11-11T01:24:30.347" >
        <step title="Acquiring Deployment Lock" date="2025-11-11T01:24:30.455" /><!-- duration: 16ms -->
        <step title="Acquired Deployment Lock" date="2025-11-11T01:24:33.326" /><!-- duration: 14ms -->
      </step><!-- duration: 3370ms -->
    </step><!-- duration: 3585ms -->
    <step title="Outgoing response" date="2025-11-11T01:24:33.800" type="response" statusCode="202" statusText="Accepted" /><!-- duration: 10ms -->
  </step><!-- duration: 10283ms -->
