<step title="BackgroundTrace" date="2025-11-11T00:04:59.033" instance="fbf34d" url="/api/zipdeploy" method="POST" >
  <step title="Cleanup Xml Logs" date="2025-11-11T00:04:59.039" /><!-- duration: 17ms -->
  <step title="Creating temporary deployment - FetchDeploymentManager" date="2025-11-11T00:04:59.800" /><!-- duration: 6ms -->
  <step title="Creating temporary deployment" date="2025-11-11T00:04:59.839" /><!-- duration: 166ms -->
  <step title="Performing fetch based deployment" date="2025-11-11T00:05:00.123" >
    <step title="Cleaning up temp folders from previous zip deployments and extracting pushed zip file /tmp/zipdeploy/885d88cd-f156-4937-80c9-3cddb14f289c.zip (29.15 MB) to /tmp/zipdeploy/extracted" date="2025-11-11T00:05:01.461" >
      <step title="ChmodRecursive Process exited with total time taken in ms: 599" date="2025-11-11T00:05:13.148" /><!-- duration: 14ms -->
    </step><!-- duration: 11764ms -->
    <step title="Deployment timer started" date="2025-11-11T00:05:15.290" >
      <step title="DeploymentManager.Deploy(id:08a8c83e-a188-4639-bc0f-ba38a74d26de)" date="2025-11-11T00:05:15.308" >
        <step title="Collecting changeset information" date="2025-11-11T00:05:15.344" /><!-- duration: 130ms -->
        <step title="Updating submodules" date="2025-11-11T00:05:15.483" /><!-- duration: 1148ms -->
        <step title="Determining deployment builder" date="2025-11-11T00:05:16.887" >
          <step title="Builder is OryxBuilder" date="2025-11-11T00:05:16.906" /><!-- duration: 6ms -->
        </step><!-- duration: 36ms -->
        <step title="PreDeployment: context.CleanOutputPath False" date="2025-11-11T00:05:17.000" >
          <step title="PreDeployment: context.OutputPath /home/site/wwwroot" date="2025-11-11T00:05:17.139" >
            <step title="Building" date="2025-11-11T00:05:17.294" >
              <step title="Executing external process" date="2025-11-11T00:05:17.736" type="process" path="bash" arguments="-c &quot;oryx build /tmp/zipdeploy/extracted -o /home/site/wwwroot --platform python --platform-version 3.11 -p virtualenv_name=antenv --log-file /tmp/build-debug.log  -i /tmp/8de20b5fece9501 --compress-destination-dir | tee /tmp/oryx-build.log ; exit $PIPESTATUS &quot;" /><!-- duration: 108706ms -->
              <step title="Using PythonDeploymentLogParser" date="2025-11-11T00:07:07.012" /><!-- duration: 7ms -->
              <step title="Triggering recycle (preview mode disabled)." date="2025-11-11T00:07:08.960" /><!-- duration: 32ms -->
              <step title="Modified file to trigger a restart of the app container." date="2025-11-11T00:07:09.107" /><!-- duration: 9ms -->
              <step title="Skip function trigger and logicapp sync because function is not enabled." date="2025-11-11T00:07:09.152" /><!-- duration: 25ms -->
            </step><!-- duration: 113860ms -->
          </step><!-- duration: 114026ms -->
          <step title="Cleaning up temp files" date="2025-11-11T00:07:11.170" /><!-- duration: 19211ms -->
          <step title="Cleaning up temp files" date="2025-11-11T00:07:30.417" /><!-- duration: 815ms -->
          <step title="Reloading status file with latest updates" date="2025-11-11T00:07:31.649" >
            <step title="WebHooksManager.PublishEventAsync: PostDeployment" date="2025-11-11T00:07:31.680" /><!-- duration: 1662ms -->
          </step><!-- duration: 1735ms -->
          <step title="Cleaning up temporary deployment - fetch deployment was successful" date="2025-11-11T00:07:33.473" /><!-- duration: 67ms -->
        </step><!-- duration: 136767ms -->
      </step><!-- duration: 138682ms -->
