<step title="Incoming Request" date="2025-11-11T00:40:19.605" instance="fbf34d" url="/api/zipdeploy?author=ms-azuretools-vscode&amp;deployer=ms-azuretools-vscode&amp;isAsync=true&amp;trackDeploymentId=true" method="POST" type="request" pid="768,1,26" Host="pictback-bzakbsfgc6bgcjcc.scm.brazilsouth-01.azurewebsites.net" User-Agent="vscode-azureappservice/0.26.4 core-rest-pipeline/1.20.0 Node/22.19.0 OS/(x64-Windows_NT-10.0.26200)" Accept-Encoding="gzip,deflate" Accept-Language="en" Authorization="Bea..." Transfer-Encoding="chunked" x-ms-correlation-request-id="e7c1a4be-a799-4f7a-9567-89634e179b35" x-ms-client-request-id="93a721d8-ad53-431d-8e0d-23339777c2fd" X-ARR-LOG-ID="93a721d8-ad53-431d-8e0d-23339777c2fd" CLIENT-IP="191.183.114.9:65523" X-SITE-DEPLOYMENT-ID="Pictback" WAS-DEFAULT-HOSTNAME="pictback-bzakbsfgc6bgcjcc.scm.brazilsouth-01.azurewebsites.net" X-Forwarded-Proto="https" X-AppService-Proto="https" X-Forwarded-TlsVersion="1.3" X-WAWS-Unencoded-URL="/api/zipdeploy?author=ms-azuretools-vscode&amp;deployer=ms-azuretools-vscode&amp;isAsync=true&amp;trackDeploymentId=true" X-Client-IP="191.183.114.9" X-Client-Port="65523" >
  <step title="Cleanup Xml Logs" date="2025-11-11T00:40:19.617" >
    <step title="Cleanup Infos" date="2025-11-11T00:40:19.660" totalFiles="228" totalCleanup="68" /><!-- duration: 30ms -->
  </step><!-- duration: 89ms -->
  <step title="ZipPushDeploy" date="2025-11-11T00:40:19.743" >
    <step title="ZipDeploy. Extract zip." date="2025-11-11T00:40:19.829" /><!-- duration: 4ms -->
    <step title="Starting PushDeployAsync" date="2025-11-11T00:40:19.888" /><!-- duration: 6ms -->
    <step title="Writing artifact to /tmp/zipdeploy/703e47d7-d3ac-4433-ae5b-9c3757bdb562.zip" date="2025-11-11T00:40:19.937" >
      <step title="Writing multipart request body to /tmp/zipdeploy/703e47d7-d3ac-4433-ae5b-9c3757bdb562.zip" date="2025-11-11T00:40:19.950" /><!-- duration: 10ms -->
    </step><!-- duration: 3775ms -->
    <step title="Removing previous build artifact&apos;s manifest file" date="2025-11-11T00:40:23.736" >
      <step title="Start deployment in the background" date="2025-11-11T00:40:23.765" >
        <step title="Acquiring Deployment Lock" date="2025-11-11T00:40:23.841" /><!-- duration: 7ms -->
        <step title="Acquired Deployment Lock" date="2025-11-11T00:40:23.902" /><!-- duration: 984ms -->
      </step><!-- duration: 1215ms -->
    </step><!-- duration: 1268ms -->
    <step title="Outgoing response" date="2025-11-11T00:40:25.013" type="response" statusCode="202" statusText="Accepted" /><!-- duration: 5ms -->
  </step><!-- duration: 5280ms -->
