<step title="Incoming Request" date="2025-11-11T01:25:22.466" instance="fbf34d" url="/api/deployments/latest" method="GET" type="request" pid="768,1,24" Host="pictback-bzakbsfgc6bgcjcc.scm.brazilsouth-01.azurewebsites.net" User-Agent="vscode-azureappservice/0.26.4 core-rest-pipeline/1.20.0 Node/22.19.0 OS/(x64-Windows_NT-10.0.26200)" Accept-Encoding="gzip,deflate" Accept-Language="en" Authorization="Bea..." x-ms-correlation-request-id="0459ac30-7a01-4a75-9494-c6e4a250564a" x-ms-client-request-id="2c9a5e85-a9a2-448e-974c-d10879359e11" X-ARR-LOG-ID="2c9a5e85-a9a2-448e-974c-d10879359e11" CLIENT-IP="191.183.114.9:21931" X-SITE-DEPLOYMENT-ID="Pictback" WAS-DEFAULT-HOSTNAME="pictback-bzakbsfgc6bgcjcc.scm.brazilsouth-01.azurewebsites.net" X-Forwarded-Proto="https" X-AppService-Proto="https" X-Forwarded-TlsVersion="1.3" X-WAWS-Unencoded-URL="/api/deployments/latest" X-Client-IP="191.183.114.9" X-Client-Port="21931" >
  <step title="Cleanup Xml Logs" date="2025-11-11T01:25:22.470" >
    <step title="Cleanup Infos" date="2025-11-11T01:25:22.489" totalFiles="296" totalCleanup="136" /><!-- duration: 8ms -->
  </step><!-- duration: 32ms -->
  <step title="DeploymentService.GetResult" date="2025-11-11T01:25:22.512" >
    <step title="DeploymentService.GetLatestDeployment" date="2025-11-11T01:25:22.516" >
      <step title="DeploymentManager.GetResults" date="2025-11-11T01:25:22.521" /><!-- duration: 735ms -->
    </step><!-- duration: 744ms -->
  </step><!-- duration: 752ms -->
  <step title="Outgoing response" date="2025-11-11T01:25:23.268" type="response" statusCode="202" statusText="Accepted" /><!-- duration: 4ms -->
</step><!-- duration: 810ms -->
