<step title="Incoming Request" date="2025-11-10T14:01:52.611" instance="9bcf6c" url="/api/zipdeploy?author=ms-azuretools-vscode&amp;deployer=ms-azuretools-vscode&amp;isAsync=true&amp;trackDeploymentId=true" method="POST" type="request" pid="767,1,31" Host="pictback-bzakbsfgc6bgcjcc.scm.brazilsouth-01.azurewebsites.net" User-Agent="vscode-azureappservice/0.26.4 core-rest-pipeline/1.20.0 Node/22.19.0 OS/(x64-Windows_NT-10.0.26200)" Accept-Encoding="gzip,deflate" Accept-Language="en" Authorization="Bea..." Transfer-Encoding="chunked" x-ms-correlation-request-id="aba55f55-9e66-451b-86ec-294feec412b7" x-ms-client-request-id="9fd38613-3dc7-46a4-a464-816c81a03a60" X-ARR-LOG-ID="9fd38613-3dc7-46a4-a464-816c81a03a60" CLIENT-IP="179.189.226.254:51277" X-SITE-DEPLOYMENT-ID="Pictback" WAS-DEFAULT-HOSTNAME="pictback-bzakbsfgc6bgcjcc.scm.brazilsouth-01.azurewebsites.net" X-Forwarded-Proto="https" X-AppService-Proto="https" X-Forwarded-TlsVersion="1.3" X-WAWS-Unencoded-URL="/api/zipdeploy?author=ms-azuretools-vscode&amp;deployer=ms-azuretools-vscode&amp;isAsync=true&amp;trackDeploymentId=true" X-Client-IP="179.189.226.254" X-Client-Port="51277" >
  <step title="Cleanup Xml Logs" date="2025-11-10T14:01:52.615" /><!-- duration: 9ms -->
  <step title="ZipPushDeploy" date="2025-11-10T14:01:52.679" >
    <step title="ZipDeploy. Extract zip." date="2025-11-10T14:01:52.733" /><!-- duration: 3ms -->
    <step title="None repository commit" date="2025-11-10T14:01:52.748" >
      <step title="Commit id: 2b2d0aa0-ab23-459e-8a19-c0c2c1dc7bab" date="2025-11-10T14:01:52.753" Message="N/A" AuthorName="N/A" AuthorEmail="N/A" /><!-- duration: 4ms -->
    </step><!-- duration: 13ms -->
    <step title="Starting PushDeployAsync" date="2025-11-10T14:01:52.765" /><!-- duration: 5ms -->
    <step title="Writing artifact to /tmp/zipdeploy/2f6587ef-f68f-42b0-a113-194fe3a54575.zip" date="2025-11-10T14:01:52.806" >
      <step title="Writing multipart request body to /tmp/zipdeploy/2f6587ef-f68f-42b0-a113-194fe3a54575.zip" date="2025-11-10T14:01:52.811" /><!-- duration: 3ms -->
    </step><!-- duration: 6472ms -->
    <step title="Removing previous build artifact&apos;s manifest file" date="2025-11-10T14:01:59.297" >
      <step title="Start deployment in the background" date="2025-11-10T14:01:59.334" >
        <step title="Acquiring Deployment Lock" date="2025-11-10T14:01:59.480" /><!-- duration: 11ms -->
        <step title="Acquired Deployment Lock" date="2025-11-10T14:01:59.545" /><!-- duration: 4ms -->
      </step><!-- duration: 315ms -->
    </step><!-- duration: 384ms -->
    <step title="Outgoing response" date="2025-11-10T14:01:59.691" type="response" statusCode="202" statusText="Accepted" /><!-- duration: 9ms -->
  </step><!-- duration: 7026ms -->
