<step title="Incoming Request" date="2025-11-11T00:05:17.544" instance="fbf34d" url="/api/deployments/latest?deployer=ms-azuretools-vscode&amp;time=2025-11-11_00-05-00Z" method="GET" type="request" pid="768,1,32" Host="pictback-bzakbsfgc6bgcjcc.scm.brazilsouth-01.azurewebsites.net" User-Agent="vscode-azureappservice/0.26.4 core-rest-pipeline/1.20.0 Node/22.19.0 OS/(x64-Windows_NT-10.0.26200)" Accept-Encoding="gzip,deflate" Accept-Language="en" Authorization="Bea..." x-ms-correlation-request-id="2fdf94a5-1e8b-4dc8-8d2b-46fdd42f2bfe" x-ms-client-request-id="326e330f-dd0c-4f26-ac6c-31290eb0824d" X-ARR-LOG-ID="326e330f-dd0c-4f26-ac6c-31290eb0824d" CLIENT-IP="191.183.114.9:20921" X-SITE-DEPLOYMENT-ID="Pictback" WAS-DEFAULT-HOSTNAME="pictback-bzakbsfgc6bgcjcc.scm.brazilsouth-01.azurewebsites.net" X-Forwarded-Proto="https" X-AppService-Proto="https" X-Forwarded-TlsVersion="1.3" X-WAWS-Unencoded-URL="/api/deployments/latest?deployer=ms-azuretools-vscode&amp;time=2025-11-11_00-05-00Z" X-Client-IP="191.183.114.9" X-Client-Port="20921" >
  <step title="Cleanup Xml Logs" date="2025-11-11T00:05:17.574" >
    <step title="Cleanup Infos" date="2025-11-11T00:05:17.591" totalFiles="204" totalCleanup="44" /><!-- duration: 71ms -->
  </step><!-- duration: 119ms -->
  <step title="DeploymentService.GetResult" date="2025-11-11T00:05:17.703" >
    <step title="DeploymentService.GetLatestDeployment" date="2025-11-11T00:05:17.707" >
      <step title="DeploymentManager.GetResults" date="2025-11-11T00:05:17.715" /><!-- duration: 653ms -->
    </step><!-- duration: 668ms -->
  </step><!-- duration: 677ms -->
  <step title="Outgoing response" date="2025-11-11T00:05:18.386" type="response" statusCode="202" statusText="Accepted" /><!-- duration: 5ms -->
</step><!-- duration: 853ms -->
