﻿<?xml version="1.0" encoding="utf-8"?>
<deployment>
  <id>556d1c1c-a4e0-42bc-988b-dab50f14e8f8</id>
  <author>ms-azuretools-vscode</author>
  <deployer>ms-azuretools-vscode</deployer>
  <authorEmail>N/A</authorEmail>
  <message>Created via a push deployment</message>
  <progress></progress>
  <status>Success</status>
  <statusText></statusText>
  <lastSuccessEndTime>2025-11-11T00:50:12.8026678Z</lastSuccessEndTime>
  <receivedTime>2025-11-11T00:48:16.242148Z</receivedTime>
  <startTime>2025-11-11T00:48:17.7105281Z</startTime>
  <endTime>2025-11-11T00:50:12.8026678Z</endTime>
  <complete>True</complete>
  <is_temp>False</is_temp>
  <is_readonly>True</is_readonly>
  <buildSummary />
</deployment>