﻿<?xml version="1.0" encoding="utf-8"?>
<deployment>
  <id>d321d243-ca05-4a7f-90ef-fda4961a31c2</id>
  <author>ms-azuretools-vscode</author>
  <deployer>ms-azuretools-vscode</deployer>
  <authorEmail>N/A</authorEmail>
  <message>Created via a push deployment</message>
  <progress></progress>
  <status>Failed</status>
  <statusText>Deployment has been stopped due to SCM container restart. The restart can happen due to a management operation on site. Do not perform a management operation and a deployment operation in quick succession. Adding a small delay can help avoid any conflicts.</statusText>
  <lastSuccessEndTime />
  <receivedTime>2025-11-11T01:25:07.0841055Z</receivedTime>
  <startTime>2025-11-11T01:25:10.0307069Z</startTime>
  <endTime>2025-11-11T01:33:11.1076487Z</endTime>
  <complete>True</complete>
  <is_temp>False</is_temp>
  <is_readonly>True</is_readonly>
  <buildSummary />
</deployment>