﻿<?xml version="1.0" encoding="utf-8"?>
<deployment>
  <id>49674d42-7d94-4a23-aedd-90e112d37de3</id>
  <author>ms-azuretools-vscode</author>
  <deployer>ms-azuretools-vscode</deployer>
  <authorEmail>N/A</authorEmail>
  <message>Created via a push deployment</message>
  <progress></progress>
  <status>Success</status>
  <statusText></statusText>
  <lastSuccessEndTime>2025-11-10T23:13:58.1989057Z</lastSuccessEndTime>
  <receivedTime>2025-11-10T23:12:55.1141033Z</receivedTime>
  <startTime>2025-11-10T23:12:56.5997018Z</startTime>
  <endTime>2025-11-10T23:13:58.1989057Z</endTime>
  <complete>True</complete>
  <is_temp>False</is_temp>
  <is_readonly>True</is_readonly>
  <buildSummary />
</deployment>